CODART;FAMILIA;SUBFAMILIA;Obsoleto
10010;CEREALES, MUESLIS, HINCHADOS Y CRUJIENTES;COPOS;No
45007;HARINAS Y SEMOLAS;HARINAS;No
50001;CEREALES, MUESLIS, HINCHADOS Y CRUJIENTES;HINCHADOS Y CRUJIENTES;No
50015;CEREALES, MUESLIS, HINCHADOS Y CRUJIENTES;HINCHADOS Y CRUJIENTES;No
50019;CEREALES, MUESLIS, HINCHADOS Y CRUJIENTES;HINCHADOS Y CRUJIENTES;No
50020;CEREALES, MUESLIS, HINCHADOS Y CRUJIENTES;HINCHADOS Y CRUJIENTES;No
50032;CEREALES, MUESLIS, HINCHADOS Y CRUJIENTES;HINCHADOS Y CRUJIENTES;No
55017;FRUTOS SECOS Y SNACKS;SNACKS;No
80037;PASTA;PASTA ESPELTA;No
100001;CEREALES, MUESLIS, HINCHADOS Y CRUJIENTES;HINCHADOS Y CRUJIENTES;No
100002;CEREALES, MUESLIS, HINCHADOS Y CRUJIENTES;COPOS;No
100003;CEREALES, MUESLIS, HINCHADOS Y CRUJIENTES;COPOS;No
100004;CEREALES, MUESLIS, HINCHADOS Y CRUJIENTES;MUESLIS Y GRANOLAS;No
100005;CEREALES, MUESLIS, HINCHADOS Y CRUJIENTES;HINCHADOS Y CRUJIENTES;No
100006;CEREALES, MUESLIS, HINCHADOS Y CRUJIENTES;HINCHADOS Y CRUJIENTES;No
100007;CEREALES, MUESLIS, HINCHADOS Y CRUJIENTES;MUESLIS Y GRANOLAS;No
100008;CEREALES, MUESLIS, HINCHADOS Y CRUJIENTES;MUESLIS Y GRANOLAS;No
100009;FRUTOS SECOS Y SNACKS;SNACKS;No
100010;CEREALES, MUESLIS, HINCHADOS Y CRUJIENTES;HINCHADOS Y CRUJIENTES;No
100011;CEREALES, MUESLIS, HINCHADOS Y CRUJIENTES;HINCHADOS Y CRUJIENTES;No
100012;CEREALES, MUESLIS, HINCHADOS Y CRUJIENTES;HINCHADOS Y CRUJIENTES;No
100013;FRUTOS SECOS Y SNACKS;SNACKS;No
100014;CEREALES, MUESLIS, HINCHADOS Y CRUJIENTES;HINCHADOS Y CRUJIENTES;No
100016;CEREALES, MUESLIS, HINCHADOS Y CRUJIENTES;HINCHADOS Y CRUJIENTES;No
101001;FRUTOS SECOS Y SNACKS;FRUTAS;No
101002;FRUTOS SECOS Y SNACKS;FRUTAS;No
101003;FRUTOS SECOS Y SNACKS;FRUTOS SECOS;No
101004;FRUTOS SECOS Y SNACKS;FRUTOS SECOS;Si
101008;FRUTOS SECOS Y SNACKS;FRUTAS;No
101009;FRUTOS SECOS Y SNACKS;FRUTAS;No
101010;FRUTOS SECOS Y SNACKS;FRUTAS;No
101011;FRUTOS SECOS Y SNACKS;FRUTAS;No
101012;FRUTOS SECOS Y SNACKS;FRUTAS;No
101014;FRUTOS SECOS Y SNACKS;FRUTAS;No
101015;FRUTOS SECOS Y SNACKS;FRUTAS;No
101016;FRUTOS SECOS Y SNACKS;FRUTAS;No
101017;FRUTOS SECOS Y SNACKS;FRUTAS;No
101018;FRUTOS SECOS Y SNACKS;FRUTAS;No
101019;FRUTOS SECOS Y SNACKS;FRUTAS;No
101020;FRUTOS SECOS Y SNACKS;FRUTAS;No
101021;FRUTOS SECOS Y SNACKS;FRUTAS;No
101022;FRUTOS SECOS Y SNACKS;FRUTAS;No
101023;FRUTOS SECOS Y SNACKS;FRUTOS SECOS;No
101026;FRUTOS SECOS Y SNACKS;FRUTAS;No
101028;FRUTOS SECOS Y SNACKS;FRUTAS;No
101029;FRUTOS SECOS Y SNACKS;FRUTAS;No
101031;FRUTOS SECOS Y SNACKS;FRUTAS;No
101034;FRUTOS SECOS Y SNACKS;FRUTAS;No
101041;FRUTOS SECOS Y SNACKS;FRUTAS;No
103001;SEMILLAS;SEMILLAS;No
103002;SEMILLAS;SEMILLAS;No
103003;SEMILLAS;SEMILLAS;Si
103004;SEMILLAS;SEMILLAS;Si
103005;SEMILLAS;SEMILLAS;Si
103006;CEREALES, MUESLIS, HINCHADOS Y CRUJIENTES;PELADOS, EN GRANO;Si
103007;SEMILLAS;SEMILLAS;No
103008;CEREALES, MUESLIS, HINCHADOS Y CRUJIENTES;HINCHADOS Y CRUJIENTES;Si
103009;CEREALES, MUESLIS, HINCHADOS Y CRUJIENTES;COPOS;Si
103010;SEMILLAS;SEMILLAS;No
105001;CEREALES, MUESLIS, HINCHADOS Y CRUJIENTES;MUESLIS Y GRANOLAS;No
105002;CEREALES, MUESLIS, HINCHADOS Y CRUJIENTES;MUESLIS Y GRANOLAS;No
105003;CEREALES, MUESLIS, HINCHADOS Y CRUJIENTES;MUESLIS Y GRANOLAS;No
105004;CEREALES, MUESLIS, HINCHADOS Y CRUJIENTES;MUESLIS Y GRANOLAS;No
105005;CEREALES, MUESLIS, HINCHADOS Y CRUJIENTES;MUESLIS Y GRANOLAS;No
105006;CEREALES, MUESLIS, HINCHADOS Y CRUJIENTES;MUESLIS Y GRANOLAS;No
105010;CEREALES, MUESLIS, HINCHADOS Y CRUJIENTES;MUESLIS Y GRANOLAS;No
105011;CEREALES, MUESLIS, HINCHADOS Y CRUJIENTES;MUESLIS Y GRANOLAS;No
105012;CEREALES, MUESLIS, HINCHADOS Y CRUJIENTES;MUESLIS Y GRANOLAS;No
105013;CEREALES, MUESLIS, HINCHADOS Y CRUJIENTES;MUESLIS Y GRANOLAS;No
105014;CEREALES, MUESLIS, HINCHADOS Y CRUJIENTES;MUESLIS Y GRANOLAS;No
105015;CEREALES, MUESLIS, HINCHADOS Y CRUJIENTES;MUESLIS Y GRANOLAS;No
105016;CEREALES, MUESLIS, HINCHADOS Y CRUJIENTES;MUESLIS Y GRANOLAS;No
105017;CEREALES, MUESLIS, HINCHADOS Y CRUJIENTES;MUESLIS Y GRANOLAS;Si
105018;CEREALES, MUESLIS, HINCHADOS Y CRUJIENTES;MUESLIS Y GRANOLAS;Si
110001;CEREALES, MUESLIS, HINCHADOS Y CRUJIENTES;COPOS;No
110002;CEREALES, MUESLIS, HINCHADOS Y CRUJIENTES;COPOS;No
110003;CEREALES, MUESLIS, HINCHADOS Y CRUJIENTES;COPOS;Si
110004;CEREALES, MUESLIS, HINCHADOS Y CRUJIENTES;COPOS;No
110005;CEREALES, MUESLIS, HINCHADOS Y CRUJIENTES;COPOS;No
110006;CEREALES, MUESLIS, HINCHADOS Y CRUJIENTES;COPOS;No
110007;CEREALES, MUESLIS, HINCHADOS Y CRUJIENTES;COPOS;No
110008;CEREALES, MUESLIS, HINCHADOS Y CRUJIENTES;COPOS;No
110009;CEREALES, MUESLIS, HINCHADOS Y CRUJIENTES;COPOS;No
110010;CEREALES, MUESLIS, HINCHADOS Y CRUJIENTES;COPOS;No
110011;CEREALES, MUESLIS, HINCHADOS Y CRUJIENTES;COPOS;No
110012;CEREALES, MUESLIS, HINCHADOS Y CRUJIENTES;COPOS;No
110015;CEREALES, MUESLIS, HINCHADOS Y CRUJIENTES;COPOS;Si
110016;CEREALES, MUESLIS, HINCHADOS Y CRUJIENTES;COPOS;Si
110017;CEREALES, MUESLIS, HINCHADOS Y CRUJIENTES;COPOS;Si
110019;CEREALES, MUESLIS, HINCHADOS Y CRUJIENTES;COPOS;No
115001;CEREALES, MUESLIS, HINCHADOS Y CRUJIENTES;PELADOS, EN GRANO;Si
115002;CEREALES, MUESLIS, HINCHADOS Y CRUJIENTES;PELADOS, EN GRANO;No
115003;CEREALES, MUESLIS, HINCHADOS Y CRUJIENTES;PELADOS, EN GRANO;No
115004;CEREALES, MUESLIS, HINCHADOS Y CRUJIENTES;PELADOS, EN GRANO;No
115005;CEREALES, MUESLIS, HINCHADOS Y CRUJIENTES;PELADOS, EN GRANO;No
115007;CEREALES, MUESLIS, HINCHADOS Y CRUJIENTES;PELADOS, EN GRANO;No
120001;ARROCES Y LEGUMBRES;ARROCES;No
120002;ARROCES Y LEGUMBRES;ARROCES;No
125001;CONDIMENTOS;AZUCARES Y EDULCORANTES;No
125002;CONDIMENTOS;AZUCARES Y EDULCORANTES;No
125003;CONDIMENTOS;AZUCARES Y EDULCORANTES;No
125004;CONDIMENTOS;AZUCARES Y EDULCORANTES;No
125005;CONDIMENTOS;AZUCARES Y EDULCORANTES;Si
125006;CONDIMENTOS;AZUCARES Y EDULCORANTES;No
125007;CONDIMENTOS;AZUCARES Y EDULCORANTES;No
125008;CONDIMENTOS;AZUCARES Y EDULCORANTES;No
130001;CONDIMENTOS;ACEITES Y VINAGRES;No
130002;CONDIMENTOS;ACEITES Y VINAGRES;No
130003;CONDIMENTOS;ACEITES Y VINAGRES;No
130004;CONDIMENTOS;ACEITES Y VINAGRES;No
135001;CEREALES, MUESLIS, HINCHADOS Y CRUJIENTES;SALVADOS;No
135002;CEREALES, MUESLIS, HINCHADOS Y CRUJIENTES;SALVADOS;No
135003;CEREALES, MUESLIS, HINCHADOS Y CRUJIENTES;SALVADOS;No
135004;CEREALES, MUESLIS, HINCHADOS Y CRUJIENTES;SALVADOS;No
135102;CEREALES, MUESLIS, HINCHADOS Y CRUJIENTES;SALVADOS;No
135113;CEREALES, MUESLIS, HINCHADOS Y CRUJIENTES;SALVADOS;No
135203;CEREALES, MUESLIS, HINCHADOS Y CRUJIENTES;SALVADOS;No
140001;HARINAS Y SEMOLAS;SEMOLAS;No
140002;HARINAS Y SEMOLAS;SEMOLAS;Si
140003;HARINAS Y SEMOLAS;SEMOLAS;No
140004;SOPAS Y PLATOS PREPARADOS;SOPAS;No
140005;HARINAS Y SEMOLAS;SEMOLAS;No
140008;HARINAS Y SEMOLAS;SEMOLAS;No
140009;SOPAS Y PLATOS PREPARADOS;SOPAS;No
140010;CONDIMENTOS;COMPLEMENTOS;No
140011;HARINAS Y SEMOLAS;SEMOLAS;No
140012;SOPAS Y PLATOS PREPARADOS;SOPAS;No
140015;SOPAS Y PLATOS PREPARADOS;SOPAS;No
140016;HARINAS Y SEMOLAS;SEMOLAS;No
140017;HARINAS Y SEMOLAS;SEMOLAS;Si
145001;HARINAS Y SEMOLAS;HARINAS;No
145002;HARINAS Y SEMOLAS;HARINAS;No
145003;HARINAS Y SEMOLAS;HARINAS;No
145004;HARINAS Y SEMOLAS;HARINAS;No
145005;HARINAS Y SEMOLAS;HARINAS;No
145006;HARINAS Y SEMOLAS;HARINAS;No
145007;HARINAS Y SEMOLAS;HARINAS;No
145108;HARINAS Y SEMOLAS;HARINAS;Si
145109;HARINAS Y SEMOLAS;HARINAS;Si
145110;HARINAS Y SEMOLAS;HARINAS;Si
145111;HARINAS Y SEMOLAS;HARINAS;Si
145112;HARINAS Y SEMOLAS;HARINAS;Si
149908;HARINAS Y SEMOLAS;SEMOLAS;Si
150001;CEREALES, MUESLIS, HINCHADOS Y CRUJIENTES;HINCHADOS Y CRUJIENTES;No
150002;ARROCES Y LEGUMBRES;LEGUMBRES;No
150003;COMPLEMENTOS;COMPLEMENTOS;No
150004;COMPLEMENTOS;COMPLEMENTOS;No
150005;ARROCES Y LEGUMBRES;LEGUMBRES;No
150007;CEREALES, MUESLIS, HINCHADOS Y CRUJIENTES;HINCHADOS Y CRUJIENTES;No
150008;COMPLEMENTOS;COMPLEMENTOS;No
150009;COMPLEMENTOS;COMPLEMENTOS;No
150010;CEREALES, MUESLIS, HINCHADOS Y CRUJIENTES;HINCHADOS Y CRUJIENTES;No
150011;CEREALES, MUESLIS, HINCHADOS Y CRUJIENTES;MUESLIS Y GRANOLAS;No
150012;GALLETAS Y DULCES;GALLETAS Y DULCES;No
150013;COMPLEMENTOS;COMPLEMENTOS;No
150014;COMPLEMENTOS;COMPLEMENTOS;No
150015;CEREALES, MUESLIS, HINCHADOS Y CRUJIENTES;HINCHADOS Y CRUJIENTES;No
150016;CEREALES, MUESLIS, HINCHADOS Y CRUJIENTES;HINCHADOS Y CRUJIENTES;No
150019;CEREALES, MUESLIS, HINCHADOS Y CRUJIENTES;HINCHADOS Y CRUJIENTES;No
150020;CEREALES, MUESLIS, HINCHADOS Y CRUJIENTES;HINCHADOS Y CRUJIENTES;No
150021;CEREALES, MUESLIS, HINCHADOS Y CRUJIENTES;MUESLIS Y GRANOLAS;No
150022;CEREALES, MUESLIS, HINCHADOS Y CRUJIENTES;HINCHADOS Y CRUJIENTES;No
150023;COMPLEMENTOS;COMPLEMENTOS;No
150024;CEREALES, MUESLIS, HINCHADOS Y CRUJIENTES;MUESLIS Y GRANOLAS;No
150028;COMPLEMENTOS;COMPLEMENTOS;No
150113;COMPLEMENTOS;COMPLEMENTOS;No
150213;COMPLEMENTOS;COMPLEMENTOS;No
150223;COMPLEMENTOS;COMPLEMENTOS;No
150313;COMPLEMENTOS;COMPLEMENTOS;Si
154001;GALLETAS Y DULCES;GALLETAS Y DULCES;Si
154003;GALLETAS Y DULCES;GALLETAS Y DULCES;Si
154007;;;Si
154008;;;Si
154010;;;Si
154011;;;Si
154014;;;Si
155005;GALLETAS Y DULCES;GALLETAS Y DULCES;No
155016;GALLETAS Y DULCES;GALLETAS Y DULCES;No
155017;GALLETAS Y DULCES;GALLETAS Y DULCES;No
155031;GALLETAS Y DULCES;GALLETAS Y DULCES;No
155034;GALLETAS Y DULCES;GALLETAS Y DULCES;Si
155040;GALLETAS Y DULCES;GALLETAS Y DULCES;No
155047;GALLETAS Y DULCES;GALLETAS Y DULCES;No
155048;GALLETAS Y DULCES;GALLETAS Y DULCES;Si
155049;GALLETAS Y DULCES;GALLETAS Y DULCES;No
155054;GALLETAS Y DULCES;GALLETAS Y DULCES;No
155057;GALLETAS Y DULCES;GALLETAS Y DULCES;No
155076;FRUTOS SECOS Y SNACKS;SNACKS;Si
155080;GALLETAS Y DULCES;GALLETAS Y DULCES;No
155082;GALLETAS Y DULCES;GALLETAS Y DULCES;No
155086;GALLETAS Y DULCES;GALLETAS Y DULCES;No
155087;GALLETAS Y DULCES;GALLETAS Y DULCES;No
155088;GALLETAS Y DULCES;GALLETAS Y DULCES;No
155090;GALLETAS Y DULCES;GALLETAS Y DULCES;No
155091;FRUTOS SECOS Y SNACKS;SNACKS;No
156001;FRUTOS SECOS Y SNACKS;SNACKS;Si
156002;FRUTOS SECOS Y SNACKS;SNACKS;Si
156003;FRUTOS SECOS Y SNACKS;SNACKS;Si
156011;FRUTOS SECOS Y SNACKS;SNACKS;No
156014;FRUTOS SECOS Y SNACKS;SNACKS;Si
156015;FRUTOS SECOS Y SNACKS;SNACKS;Si
156016;FRUTOS SECOS Y SNACKS;SNACKS;Si
156017;FRUTOS SECOS Y SNACKS;SNACKS;Si
156018;FRUTOS SECOS Y SNACKS;SNACKS;No
156019;FRUTOS SECOS Y SNACKS;SNACKS;Si
156020;FRUTOS SECOS Y SNACKS;SNACKS;No
156030;FRUTOS SECOS Y SNACKS;SNACKS;Si
156031;FRUTOS SECOS Y SNACKS;SNACKS;No
156032;FRUTOS SECOS Y SNACKS;SNACKS;No
160001;GALLETAS Y DULCES;MERMELADAS;No
160002;GALLETAS Y DULCES;MERMELADAS;No
160003;GALLETAS Y DULCES;MERMELADAS;No
160005;GALLETAS Y DULCES;MERMELADAS;No
160006;GALLETAS Y DULCES;MERMELADAS;No
160007;GALLETAS Y DULCES;MERMELADAS;No
160008;GALLETAS Y DULCES;MERMELADAS;No
160009;GALLETAS Y DULCES;MERMELADAS;No
160010;GALLETAS Y DULCES;MERMELADAS;No
160011;GALLETAS Y DULCES;MERMELADAS;No
160012;GALLETAS Y DULCES;MERMELADAS;No
160013;GALLETAS Y DULCES;MERMELADAS;Si
160014;GALLETAS Y DULCES;MERMELADAS;No
160015;GALLETAS Y DULCES;MERMELADAS;No
160017;GALLETAS Y DULCES;MERMELADAS;Si
160018;GALLETAS Y DULCES;MERMELADAS;No
160019;GALLETAS Y DULCES;MERMELADAS;No
160020;GALLETAS Y DULCES;MERMELADAS;No
160021;GALLETAS Y DULCES;MERMELADAS;No
160023;GALLETAS Y DULCES;MERMELADAS;No
160052;GALLETAS Y DULCES;MERMELADAS;Si
160053;GALLETAS Y DULCES;MERMELADAS;No
160058;GALLETAS Y DULCES;MERMELADAS;Si
160059;GALLETAS Y DULCES;MERMELADAS;Si
160060;GALLETAS Y DULCES;MERMELADAS;Si
160065;GALLETAS Y DULCES;MERMELADAS;No
160068;GALLETAS Y DULCES;MERMELADAS;Si
160071;GALLETAS Y DULCES;MERMELADAS;Si
165001;ARROCES Y LEGUMBRES;LEGUMBRES;No
165002;ARROCES Y LEGUMBRES;LEGUMBRES;Si
165003;ARROCES Y LEGUMBRES;LEGUMBRES;Si
165005;ARROCES Y LEGUMBRES;LEGUMBRES;Si
165006;ARROCES Y LEGUMBRES;LEGUMBRES;No
165008;ARROCES Y LEGUMBRES;LEGUMBRES;Si
165010;ARROCES Y LEGUMBRES;LEGUMBRES;No
170001;SEMILLAS;SEMILLAS;No
170002;SEMILLAS;SEMILLAS;No
170003;SEMILLAS;SEMILLAS;No
170004;SEMILLAS;SEMILLAS;No
170005;SEMILLAS;SEMILLAS;No
170006;SEMILLAS;SEMILLAS;No
170008;SEMILLAS;SEMILLAS;No
170009;SEMILLAS;SEMILLAS;No
170011;SEMILLAS;SEMILLAS;Si
170012;SEMILLAS;SEMILLAS;No
170013;SEMILLAS;SEMILLAS;No
170014;SEMILLAS;SEMILLAS;No
170016;SEMILLAS;SEMILLAS;No
170019;SEMILLAS;SEMILLAS;No
170021;SEMILLAS;SEMILLAS;No
170022;SEMILLAS;SEMILLAS;No
170023;SEMILLAS;SEMILLAS;Si
170024;SEMILLAS;SEMILLAS;No
170025;SEMILLAS;SEMILLAS;No
170026;SEMILLAS;SEMILLAS;No
170027;SEMILLAS;SEMILLAS;Si
170222;SEMILLAS;SEMILLAS;No
170305;SEMILLAS;SEMILLAS;No
170322;SEMILLAS;SEMILLAS;No
170925;SEMILLAS;SEMILLAS;No
175001;BEBIDAS VEGETALES;ZUMOS;No
175002;BEBIDAS VEGETALES;ZUMOS;No
175003;BEBIDAS VEGETALES;ZUMOS;No
175004;BEBIDAS VEGETALES;ZUMOS;No
175005;BEBIDAS VEGETALES;ZUMOS;No
175006;BEBIDAS VEGETALES;ZUMOS;No
175007;BEBIDAS VEGETALES;ZUMOS;No
175008;BEBIDAS VEGETALES;ZUMOS;Si
175009;BEBIDAS VEGETALES;ZUMOS;No
175012;BEBIDAS VEGETALES;ZUMOS;No
175013;BEBIDAS VEGETALES;ZUMOS;No
175015;BEBIDAS VEGETALES;ZUMOS;No
176001;BEBIDAS VEGETALES;ZUMOS;No
176002;BEBIDAS VEGETALES;ZUMOS;No
176003;BEBIDAS VEGETALES;ZUMOS;No
176004;BEBIDAS VEGETALES;ZUMOS;No
176005;BEBIDAS VEGETALES;ZUMOS;No
176006;BEBIDAS VEGETALES;ZUMOS;No
176007;BEBIDAS VEGETALES;ZUMOS;No
176012;BEBIDAS VEGETALES;ZUMOS;No
176013;BEBIDAS VEGETALES;ZUMOS;No
179001;GALLETAS Y DULCES;MERMELADAS;No
179002;GALLETAS Y DULCES;MERMELADAS;No
179003;GALLETAS Y DULCES;MERMELADAS;No
179004;GALLETAS Y DULCES;MERMELADAS;No
179005;GALLETAS Y DULCES;MERMELADAS;Si
179009;GALLETAS Y DULCES;MERMELADAS;No
179025;GALLETAS Y DULCES;MERMELADAS;No
180001;PASTA;PASTA CON VERDURAS;Si
180005;PASTA;PASTA CON VERDURAS;Si
180006;PASTA;PASTA CON VERDURAS;No
180007;PASTA;PASTA;Si
180008;PASTA;PASTA CON VERDURAS;Si
180011;PASTA;PASTA INTEGRAL;No
180015;PASTA;PASTA INTEGRAL;No
180016;PASTA;PASTA INTEGRAL;No
180017;PASTA;PASTA INTEGRAL;No
180021;PASTA;PASTA INTEGRAL;No
180025;PASTA;PASTA INTEGRAL;No
180026;PASTA;PASTA INTEGRAL;No
180027;PASTA;PASTA INTEGRAL;No
190001;GALLETAS Y DULCES;GALLETAS Y DULCES;Si
190002;GALLETAS Y DULCES;GALLETAS Y DULCES;No
190003;GALLETAS Y DULCES;GALLETAS Y DULCES;No
195004;CONDIMENTOS;ACEITES Y VINAGRES;Si
195005;CONDIMENTOS;ACEITES Y VINAGRES;No
199903;HARINAS Y SEMOLAS;SEMOLAS;No
199908;HARINAS Y SEMOLAS;SEMOLAS;No
200002;CEREALES, MUESLIS, HINCHADOS Y CRUJIENTES;COPOS;No
200003;CEREALES, MUESLIS, HINCHADOS Y CRUJIENTES;COPOS;No
200005;CEREALES, MUESLIS, HINCHADOS Y CRUJIENTES;HINCHADOS Y CRUJIENTES;No
200006;CEREALES, MUESLIS, HINCHADOS Y CRUJIENTES;HINCHADOS Y CRUJIENTES;No
200007;CEREALES, MUESLIS, HINCHADOS Y CRUJIENTES;PELADOS, EN GRANO;No
200008;CEREALES, MUESLIS, HINCHADOS Y CRUJIENTES;HINCHADOS Y CRUJIENTES;No
200014;COMPLEMENTOS;SUPERALIMENTOS;No
201000;;;Si
201001;FRUTOS SECOS Y SNACKS;FRUTAS;No
201002;FRUTOS SECOS Y SNACKS;FRUTAS;No
201003;FRUTOS SECOS Y SNACKS;FRUTOS SECOS;No
201004;FRUTOS SECOS Y SNACKS;FRUTOS SECOS;No
201006;FRUTOS SECOS Y SNACKS;FRUTOS SECOS;No
201009;FRUTOS SECOS Y SNACKS;FRUTAS;No
201015;FRUTOS SECOS Y SNACKS;FRUTAS;No
201016;FRUTOS SECOS Y SNACKS;FRUTAS;No
201018;FRUTOS SECOS Y SNACKS;FRUTAS;No
201019;FRUTOS SECOS Y SNACKS;FRUTAS;No
201020;FRUTOS SECOS Y SNACKS;FRUTAS;No
201021;FRUTOS SECOS Y SNACKS;FRUTAS;No
201023;FRUTOS SECOS Y SNACKS;FRUTAS;No
201024;FRUTOS SECOS Y SNACKS;FRUTOS SECOS;No
201901;FRUTOS SECOS Y SNACKS;FRUTAS;No
203003;SEMILLAS;SEMILLAS;No
203004;SEMILLAS;SEMILLAS;No
203005;SEMILLAS;SEMILLAS;No
203006;CEREALES, MUESLIS, HINCHADOS Y CRUJIENTES;PELADOS, EN GRANO;No
203008;CEREALES, MUESLIS, HINCHADOS Y CRUJIENTES;HINCHADOS Y CRUJIENTES;No
205001;CEREALES, MUESLIS, HINCHADOS Y CRUJIENTES;MUESLIS Y GRANOLAS;No
205002;CEREALES, MUESLIS, HINCHADOS Y CRUJIENTES;MUESLIS Y GRANOLAS;No
205004;CEREALES, MUESLIS, HINCHADOS Y CRUJIENTES;MUESLIS Y GRANOLAS;No
205005;CEREALES, MUESLIS, HINCHADOS Y CRUJIENTES;MUESLIS Y GRANOLAS;No
205006;CEREALES, MUESLIS, HINCHADOS Y CRUJIENTES;MUESLIS Y GRANOLAS;No
205007;CEREALES, MUESLIS, HINCHADOS Y CRUJIENTES;HINCHADOS Y CRUJIENTES;No
205008;CEREALES, MUESLIS, HINCHADOS Y CRUJIENTES;HINCHADOS Y CRUJIENTES;No
205009;CEREALES, MUESLIS, HINCHADOS Y CRUJIENTES;HINCHADOS Y CRUJIENTES;No
205010;CEREALES, MUESLIS, HINCHADOS Y CRUJIENTES;HINCHADOS Y CRUJIENTES;No
205011;CEREALES, MUESLIS, HINCHADOS Y CRUJIENTES;MUESLIS Y GRANOLAS;No
205012;CEREALES, MUESLIS, HINCHADOS Y CRUJIENTES;HINCHADOS Y CRUJIENTES;No
205013;CEREALES, MUESLIS, HINCHADOS Y CRUJIENTES;MUESLIS Y GRANOLAS;No
205014;CEREALES, MUESLIS, HINCHADOS Y CRUJIENTES;MUESLIS Y GRANOLAS;No
205905;CEREALES, MUESLIS, HINCHADOS Y CRUJIENTES;MUESLIS Y GRANOLAS;No
210001;CEREALES, MUESLIS, HINCHADOS Y CRUJIENTES;COPOS;No
210002;CEREALES, MUESLIS, HINCHADOS Y CRUJIENTES;COPOS;No
210004;CEREALES, MUESLIS, HINCHADOS Y CRUJIENTES;COPOS;No
210005;CEREALES, MUESLIS, HINCHADOS Y CRUJIENTES;COPOS;No
210006;CEREALES, MUESLIS, HINCHADOS Y CRUJIENTES;COPOS;No
210007;CEREALES, MUESLIS, HINCHADOS Y CRUJIENTES;COPOS;No
210008;CEREALES, MUESLIS, HINCHADOS Y CRUJIENTES;COPOS;No
210010;CEREALES, MUESLIS, HINCHADOS Y CRUJIENTES;COPOS;No
210011;CEREALES, MUESLIS, HINCHADOS Y CRUJIENTES;COPOS;No
210012;CEREALES, MUESLIS, HINCHADOS Y CRUJIENTES;COPOS;No
210013;CEREALES, MUESLIS, HINCHADOS Y CRUJIENTES;COPOS;No
210014;CEREALES, MUESLIS, HINCHADOS Y CRUJIENTES;COPOS;No
210015;CEREALES, MUESLIS, HINCHADOS Y CRUJIENTES;COPOS;No
210016;CEREALES, MUESLIS, HINCHADOS Y CRUJIENTES;COPOS;No
210017;CEREALES, MUESLIS, HINCHADOS Y CRUJIENTES;COPOS;No
210018;CEREALES, MUESLIS, HINCHADOS Y CRUJIENTES;COPOS;Si
210019;CEREALES, MUESLIS, HINCHADOS Y CRUJIENTES;MUESLIS Y GRANOLAS;No
210020;CEREALES, MUESLIS, HINCHADOS Y CRUJIENTES;MUESLIS Y GRANOLAS;No
210021;CEREALES, MUESLIS, HINCHADOS Y CRUJIENTES;MUESLIS Y GRANOLAS;No
210102;CEREALES, MUESLIS, HINCHADOS Y CRUJIENTES;COPOS;Si
210908;CEREALES, MUESLIS, HINCHADOS Y CRUJIENTES;HINCHADOS Y CRUJIENTES;No
215001;CEREALES, MUESLIS, HINCHADOS Y CRUJIENTES;PELADOS, EN GRANO;No
215002;CEREALES, MUESLIS, HINCHADOS Y CRUJIENTES;PELADOS, EN GRANO;No
215003;CEREALES, MUESLIS, HINCHADOS Y CRUJIENTES;PELADOS, EN GRANO;No
215004;CEREALES, MUESLIS, HINCHADOS Y CRUJIENTES;PELADOS, EN GRANO;No
215005;CEREALES, MUESLIS, HINCHADOS Y CRUJIENTES;PELADOS, EN GRANO;No
215007;CEREALES, MUESLIS, HINCHADOS Y CRUJIENTES;PELADOS, EN GRANO;No
215008;CEREALES, MUESLIS, HINCHADOS Y CRUJIENTES;HINCHADOS Y CRUJIENTES;No
215009;CEREALES, MUESLIS, HINCHADOS Y CRUJIENTES;HINCHADOS Y CRUJIENTES;No
215010;CEREALES, MUESLIS, HINCHADOS Y CRUJIENTES;PELADOS, EN GRANO;No
215013;CEREALES, MUESLIS, HINCHADOS Y CRUJIENTES;PELADOS, EN GRANO;No
215015;CEREALES, MUESLIS, HINCHADOS Y CRUJIENTES;HINCHADOS Y CRUJIENTES;No
220001;ARROCES Y LEGUMBRES;ARROCES;No
220002;ARROCES Y LEGUMBRES;ARROCES;No
220003;ARROCES Y LEGUMBRES;ARROCES;No
220004;ARROCES Y LEGUMBRES;ARROCES;No
220005;ARROCES Y LEGUMBRES;ARROCES;No
220006;ARROCES Y LEGUMBRES;ARROCES;No
220007;ARROCES Y LEGUMBRES;ARROCES;No
220008;SOPAS Y PLATOS PREPARADOS;PLATOS PREPARADOS;No
220009;SOPAS Y PLATOS PREPARADOS;PLATOS PREPARADOS;No
220010;ARROCES Y LEGUMBRES;ARROCES;Si
220011;ARROCES Y LEGUMBRES;ARROCES;Si
220012;ARROCES Y LEGUMBRES;ARROCES;Si
220014;SOPAS Y PLATOS PREPARADOS;PLATOS PREPARADOS;No
220015;SOPAS Y PLATOS PREPARADOS;PLATOS PREPARADOS;No
220016;SOPAS Y PLATOS PREPARADOS;PLATOS PREPARADOS;No
220018;ARROCES Y LEGUMBRES;ARROCES;No
220019;SOPAS Y PLATOS PREPARADOS;PLATOS PREPARADOS;No
220101;ARROCES Y LEGUMBRES;ARROCES;Si
220103;ARROCES Y LEGUMBRES;ARROCES;Si
220210;ARROCES Y LEGUMBRES;ARROCES;Si
225001;CONDIMENTOS;AZUCARES Y EDULCORANTES;No
225002;CONDIMENTOS;AZUCARES Y EDULCORANTES;No
225003;CONDIMENTOS;AZUCARES Y EDULCORANTES;No
225004;CONDIMENTOS;AZUCARES Y EDULCORANTES;No
225005;CONDIMENTOS;AZUCARES Y EDULCORANTES;Si
225006;CONDIMENTOS;AZUCARES Y EDULCORANTES;No
225007;CONDIMENTOS;AZUCARES Y EDULCORANTES;No
225008;CONDIMENTOS;AZUCARES Y EDULCORANTES;Si
225009;CONDIMENTOS;AZUCARES Y EDULCORANTES;No
225010;COMPLEMENTOS;AZUCARES Y EDULCORANTES;No
225016;CONDIMENTOS;AZUCARES Y EDULCORANTES;No
235001;CEREALES, MUESLIS, HINCHADOS Y CRUJIENTES;SALVADOS;No
235003;CEREALES, MUESLIS, HINCHADOS Y CRUJIENTES;SALVADOS;No
235203;CEREALES, MUESLIS, HINCHADOS Y CRUJIENTES;SALVADOS;Si
240001;HARINAS Y SEMOLAS;SEMOLAS;No
240002;HARINAS Y SEMOLAS;SEMOLAS;No
240003;HARINAS Y SEMOLAS;SEMOLAS;No
240004;HARINAS Y SEMOLAS;SEMOLAS;No
240006;HARINAS Y SEMOLAS;SEMOLAS;No
240008;SOPAS Y PLATOS PREPARADOS;SOPAS;No
240009;SOPAS Y PLATOS PREPARADOS;SOPAS;No
240016;HARINAS Y SEMOLAS;SEMOLAS;No
240017;HARINAS Y SEMOLAS;SEMOLAS;No
240019;SOPAS Y PLATOS PREPARADOS;SOPAS;No
240020;SOPAS Y PLATOS PREPARADOS;PLATOS PREPARADOS;No
240021;SOPAS Y PLATOS PREPARADOS;PLATOS PREPARADOS;No
240022;HARINAS Y SEMOLAS;SEMOLAS;No
245001;HARINAS Y SEMOLAS;HARINAS;No
245002;HARINAS Y SEMOLAS;HARINAS;No
245003;HARINAS Y SEMOLAS;HARINAS;No
245004;HARINAS Y SEMOLAS;HARINAS;No
245005;HARINAS Y SEMOLAS;HARINAS;No
245007;HARINAS Y SEMOLAS;HARINAS;No
245008;HARINAS Y SEMOLAS;HARINAS;No
245009;HARINAS Y SEMOLAS;HARINAS;No
245010;HARINAS Y SEMOLAS;HARINAS;No
245011;HARINAS Y SEMOLAS;HARINAS;No
245012;HARINAS Y SEMOLAS;ESPESANTE;No
245013;HARINAS Y SEMOLAS;HARINAS;No
245014;HARINAS Y SEMOLAS;HARINAS;No
245102;HARINAS Y SEMOLAS;HARINAS;No
245110;HARINAS Y SEMOLAS;HARINAS;Si
245111;HARINAS Y SEMOLAS;HARINAS;No
250001;CEREALES, MUESLIS, HINCHADOS Y CRUJIENTES;HINCHADOS Y CRUJIENTES;No
250002;ARROCES Y LEGUMBRES;LEGUMBRES;No
250003;COMPLEMENTOS;SUPERALIMENTOS;No
250004;COMPLEMENTOS;SUPERALIMENTOS;No
250005;COMPLEMENTOS;SUPERALIMENTOS;No
250006;COMPLEMENTOS;SUPERALIMENTOS;No
250007;COMPLEMENTOS;SUPERALIMENTOS;No
250008;COMPLEMENTOS;SUPERALIMENTOS;No
250009;COMPLEMENTOS;SUPERALIMENTOS;No
250010;COMPLEMENTOS;SUPERALIMENTOS;No
250011;COMPLEMENTOS;SUPERALIMENTOS;No
250012;COMPLEMENTOS;SUPERALIMENTOS;No
250013;COMPLEMENTOS;SUPERALIMENTOS;No
250014;COMPLEMENTOS;SUPERALIMENTOS;No
250015;CEREALES, MUESLIS, HINCHADOS Y CRUJIENTES;HINCHADOS Y CRUJIENTES;No
250016;CEREALES, MUESLIS, HINCHADOS Y CRUJIENTES;HINCHADOS Y CRUJIENTES;No
250017;CEREALES, MUESLIS, HINCHADOS Y CRUJIENTES;HINCHADOS Y CRUJIENTES;No
250018;COMPLEMENTOS;SUPERALIMENTOS;No
250019;CEREALES, MUESLIS, HINCHADOS Y CRUJIENTES;HINCHADOS Y CRUJIENTES;No
250020;CEREALES, MUESLIS, HINCHADOS Y CRUJIENTES;HINCHADOS Y CRUJIENTES;No
250021;CEREALES, MUESLIS, HINCHADOS Y CRUJIENTES;HINCHADOS Y CRUJIENTES;No
250022;CEREALES, MUESLIS, HINCHADOS Y CRUJIENTES;HINCHADOS Y CRUJIENTES;No
250023;CEREALES, MUESLIS, HINCHADOS Y CRUJIENTES;HINCHADOS Y CRUJIENTES;No
250025;CEREALES, MUESLIS, HINCHADOS Y CRUJIENTES;PELADOS, EN GRANO;No
250026;CEREALES, MUESLIS, HINCHADOS Y CRUJIENTES;HINCHADOS Y CRUJIENTES;No
250027;CEREALES, MUESLIS, HINCHADOS Y CRUJIENTES;HINCHADOS Y CRUJIENTES;No
250028;CEREALES, MUESLIS, HINCHADOS Y CRUJIENTES;HINCHADOS Y CRUJIENTES;No
250029;CEREALES, MUESLIS, HINCHADOS Y CRUJIENTES;HINCHADOS Y CRUJIENTES;No
250030;CEREALES, MUESLIS, HINCHADOS Y CRUJIENTES;HINCHADOS Y CRUJIENTES;Si
250031;CEREALES, MUESLIS, HINCHADOS Y CRUJIENTES;HINCHADOS Y CRUJIENTES;No
250032;CEREALES, MUESLIS, HINCHADOS Y CRUJIENTES;HINCHADOS Y CRUJIENTES;No
250033;CEREALES, MUESLIS, HINCHADOS Y CRUJIENTES;HINCHADOS Y CRUJIENTES;No
250034;CEREALES, MUESLIS, HINCHADOS Y CRUJIENTES;HINCHADOS Y CRUJIENTES;No
250035;CEREALES, MUESLIS, HINCHADOS Y CRUJIENTES;HINCHADOS Y CRUJIENTES;No
250036;CEREALES, MUESLIS, HINCHADOS Y CRUJIENTES;HINCHADOS Y CRUJIENTES;No
250037;CEREALES, MUESLIS, HINCHADOS Y CRUJIENTES;HINCHADOS Y CRUJIENTES;No
250038;CEREALES, MUESLIS, HINCHADOS Y CRUJIENTES;HINCHADOS Y CRUJIENTES;No
250039;CEREALES, MUESLIS, HINCHADOS Y CRUJIENTES;COPOS;No
250040;CEREALES, MUESLIS, HINCHADOS Y CRUJIENTES;COPOS;No
250041;CEREALES, MUESLIS, HINCHADOS Y CRUJIENTES;COPOS;No
250042;CEREALES, MUESLIS, HINCHADOS Y CRUJIENTES;HINCHADOS Y CRUJIENTES;No
250043;CEREALES, MUESLIS, HINCHADOS Y CRUJIENTES;HINCHADOS Y CRUJIENTES;Si
250044;CEREALES, MUESLIS, HINCHADOS Y CRUJIENTES;HINCHADOS Y CRUJIENTES;No
250045;CEREALES, MUESLIS, HINCHADOS Y CRUJIENTES;HINCHADOS Y CRUJIENTES;No
250046;CEREALES, MUESLIS, HINCHADOS Y CRUJIENTES;HINCHADOS Y CRUJIENTES;No
250221;CEREALES, MUESLIS, HINCHADOS Y CRUJIENTES;HINCHADOS Y CRUJIENTES;No
250900;CEREALES, MUESLIS, HINCHADOS Y CRUJIENTES;HINCHADOS Y CRUJIENTES;No
250905;CEREALES, MUESLIS, HINCHADOS Y CRUJIENTES;HINCHADOS Y CRUJIENTES;No
250923;CEREALES, MUESLIS, HINCHADOS Y CRUJIENTES;HINCHADOS Y CRUJIENTES;No
250931;CEREALES, MUESLIS, HINCHADOS Y CRUJIENTES;HINCHADOS Y CRUJIENTES;No
250932;CEREALES, MUESLIS, HINCHADOS Y CRUJIENTES;HINCHADOS Y CRUJIENTES;No
250935;CEREALES, MUESLIS, HINCHADOS Y CRUJIENTES;HINCHADOS Y CRUJIENTES;No
250936;CEREALES, MUESLIS, HINCHADOS Y CRUJIENTES;HINCHADOS Y CRUJIENTES;No
255001;GALLETAS Y DULCES;GALLETAS Y DULCES;No
255003;GALLETAS Y DULCES;GALLETAS Y DULCES;No
255004;GALLETAS Y DULCES;GALLETAS Y DULCES;No
255006;GALLETAS Y DULCES;GALLETAS Y DULCES;No
255009;GALLETAS Y DULCES;GALLETAS Y DULCES;No
255010;GALLETAS Y DULCES;GALLETAS Y DULCES;No
255011;GALLETAS Y DULCES;GALLETAS Y DULCES;No
255015;GALLETAS Y DULCES;GALLETAS Y DULCES;No
255016;FRUTOS SECOS Y SNACKS;SNACKS;No
255017;FRUTOS SECOS Y SNACKS;SNACKS;No
255018;FRUTOS SECOS Y SNACKS;SNACKS;No
255019;FRUTOS SECOS Y SNACKS;SNACKS;No
255020;GALLETAS Y DULCES;GALLETAS Y DULCES;No
255021;GALLETAS Y DULCES;GALLETAS Y DULCES;Si
255022;GALLETAS Y DULCES;GALLETAS Y DULCES;No
255023;GALLETAS Y DULCES;GALLETAS Y DULCES;Si
255024;GALLETAS Y DULCES;GALLETAS Y DULCES;No
255025;GALLETAS Y DULCES;GALLETAS Y DULCES;Si
255026;GALLETAS Y DULCES;GALLETAS Y DULCES;No
255028;FRUTOS SECOS Y SNACKS;MDD;No
255029;FRUTOS SECOS Y SNACKS;MDD;No
255030;GALLETAS Y DULCES;GALLETAS Y DULCES;No
255091;GALLETAS Y DULCES;GALLETAS Y DULCES;No
255100;GALLETAS Y DULCES;GALLETAS Y DULCES;Si
255101;FRUTOS SECOS Y SNACKS;SNACKS;No
255102;GALLETAS Y DULCES;GALLETAS Y DULCES;No
255103;GALLETAS Y DULCES;GALLETAS Y DULCES;No
255104;GALLETAS Y DULCES;GALLETAS Y DULCES;No
255106;GALLETAS Y DULCES;GALLETAS Y DULCES;No
255107;GALLETAS Y DULCES;GALLETAS Y DULCES;Si
255109;GALLETAS Y DULCES;GALLETAS Y DULCES;No
255110;FRUTOS SECOS Y SNACKS;SNACKS;No
255111;GALLETAS Y DULCES;GALLETAS Y DULCES;No
255112;GALLETAS Y DULCES;GALLETAS Y DULCES;No
255113;FRUTOS SECOS Y SNACKS;SNACKS;No
256001;FRUTOS SECOS Y SNACKS;SNACKS;No
256002;FRUTOS SECOS Y SNACKS;SNACKS;Si
256004;FRUTOS SECOS Y SNACKS;SNACKS;No
256005;FRUTOS SECOS Y SNACKS;SNACKS;Si
256006;FRUTOS SECOS Y SNACKS;SNACKS;Si
256008;FRUTOS SECOS Y SNACKS;SNACKS;Si
256009;FRUTOS SECOS Y SNACKS;SNACKS;Si
256010;FRUTOS SECOS Y SNACKS;SNACKS;No
256011;FRUTOS SECOS Y SNACKS;SNACKS;Si
256014;FRUTOS SECOS Y SNACKS;SNACKS;No
256015;FRUTOS SECOS Y SNACKS;SNACKS;Si
256016;FRUTOS SECOS Y SNACKS;SNACKS;Si
256017;FRUTOS SECOS Y SNACKS;SNACKS;No
256018;FRUTOS SECOS Y SNACKS;SNACKS;No
256019;FRUTOS SECOS Y SNACKS;SNACKS;No
256020;FRUTOS SECOS Y SNACKS;SNACKS;No
256022;FRUTOS SECOS Y SNACKS;SNACKS;Si
256023;FRUTOS SECOS Y SNACKS;SNACKS;Si
256024;FRUTOS SECOS Y SNACKS;SNACKS;No
256025;FRUTOS SECOS Y SNACKS;SNACKS;No
256026;FRUTOS SECOS Y SNACKS;SNACKS;No
256028;FRUTOS SECOS Y SNACKS;SNACKS;No
256029;FRUTOS SECOS Y SNACKS;SNACKS;No
256030;FRUTOS SECOS Y SNACKS;SNACKS;No
256031;FRUTOS SECOS Y SNACKS;SNACKS;No
260009;GALLETAS Y DULCES;MERMELADAS;Si
265003;ARROCES Y LEGUMBRES;LEGUMBRES;No
265004;ARROCES Y LEGUMBRES;LEGUMBRES;No
265006;ARROCES Y LEGUMBRES;LEGUMBRES;No
265007;ARROCES Y LEGUMBRES;LEGUMBRES;No
265010;ARROCES Y LEGUMBRES;LEGUMBRES;No
265014;ARROCES Y LEGUMBRES;LEGUMBRES;No
265015;ARROCES Y LEGUMBRES;LEGUMBRES;No
265017;ARROCES Y LEGUMBRES;LEGUMBRES;No
265018;ARROCES Y LEGUMBRES;LEGUMBRES;Si
265019;SOPAS Y PLATOS PREPARADOS;SOPAS;No
265106;ARROCES Y LEGUMBRES;LEGUMBRES;Si
265114;ARROCES Y LEGUMBRES;LEGUMBRES;Si
265115;ARROCES Y LEGUMBRES;LEGUMBRES;No
265116;ARROCES Y LEGUMBRES;LEGUMBRES;Si
265117;ARROCES Y LEGUMBRES;LEGUMBRES;Si
270001;SEMILLAS;SEMILLAS;No
270002;SEMILLAS;SEMILLAS;No
270003;SEMILLAS;SEMILLAS;No
270004;SEMILLAS;SEMILLAS;No
270005;SEMILLAS;SEMILLAS;No
270006;SEMILLAS;SEMILLAS;No
270008;SEMILLAS;SEMILLAS;No
270009;SEMILLAS;SEMILLAS;No
270010;SEMILLAS;SEMILLAS;Si
270012;SEMILLAS;SEMILLAS;No
270013;SEMILLAS;SEMILLAS;No
270014;SEMILLAS;SEMILLAS;No
270015;SEMILLAS;SEMILLAS;Si
270016;SEMILLAS;SEMILLAS;No
270017;SEMILLAS;SEMILLAS;No
270018;SEMILLAS;SEMILLAS;No
270019;SEMILLAS;SEMILLAS;No
270021;SEMILLAS;SEMILLAS;No
270022;SEMILLAS;SEMILLAS;No
270023;SEMILLAS;SEMILLAS;No
270027;SEMILLAS;SEMILLAS;No
270101;SEMILLAS;SEMILLAS;Si
270106;SEMILLAS;SEMILLAS;No
270202;SEMILLAS;SEMILLAS;Si
270203;SEMILLAS;SEMILLAS;No
270210;SEMILLAS;SEMILLAS;No
270213;SEMILLAS;SEMILLAS;No
270222;SEMILLAS;SEMILLAS;No
270224;SEMILLAS;SEMILLAS;No
270305;SEMILLAS;SEMILLAS;No
270901;SEMILLAS;SEMILLAS;No
270903;SEMILLAS;SEMILLAS;No
270905;SEMILLAS;SEMILLAS;No
270915;CEREALES, MUESLIS, HINCHADOS Y CRUJIENTES;HINCHADOS Y CRUJIENTES;No
275001;BEBIDAS VEGETALES;ZUMOS;No
275002;BEBIDAS VEGETALES;ZUMOS;No
275003;BEBIDAS VEGETALES;ZUMOS;No
275004;BEBIDAS VEGETALES;ZUMOS;No
275005;BEBIDAS VEGETALES;ZUMOS;No
275006;BEBIDAS VEGETALES;ZUMOS;No
275007;BEBIDAS VEGETALES;ZUMOS;No
275009;BEBIDAS VEGETALES;ZUMOS;No
275012;BEBIDAS VEGETALES;ZUMOS;No
275014;BEBIDAS VEGETALES;ZUMOS;Si
275015;BEBIDAS VEGETALES;ZUMOS;Si
275016;BEBIDAS VEGETALES;ZUMOS;Si
275017;BEBIDAS VEGETALES;ZUMOS;Si
276001;BEBIDAS VEGETALES;ZUMOS;No
276002;BEBIDAS VEGETALES;ZUMOS;No
276003;BEBIDAS VEGETALES;ZUMOS;No
276005;BEBIDAS VEGETALES;ZUMOS;No
276006;BEBIDAS VEGETALES;ZUMOS;No
276007;BEBIDAS VEGETALES;ZUMOS;No
278001;BEBIDAS VEGETALES;ZUMOS;Si
278002;BEBIDAS VEGETALES;ZUMOS;Si
279001;GALLETAS Y DULCES;MERMELADAS;No
280001;PASTA;PASTA CON VERDURAS;No
280005;PASTA;PASTA CON VERDURAS;No
280006;PASTA;PASTA CON VERDURAS;No
280008;PASTA;PASTA CON VERDURAS;No
280011;PASTA;PASTA INTEGRAL;No
280015;PASTA;PASTA INTEGRAL;No
280016;PASTA;PASTA INTEGRAL;No
280017;PASTA;PASTA INTEGRAL;No
280021;PASTA;PASTA;Si
280023;PASTA;PASTA;Si
280031;PASTA;PASTA CON VERDURAS;No
280032;SOPAS Y PLATOS PREPARADOS;PLATOS PREPARADOS;No
280033;SOPAS Y PLATOS PREPARADOS;PLATOS PREPARADOS;Si
280034;PASTA;PASTA ESPELTA;No
280037;PASTA;PASTA ESPELTA;No
280038;PASTA;PASTA ESPELTA;No
280039;PASTA;PASTA ESPELTA;Si
280040;PASTA;PASTA ESPELTA;Si
280041;PASTA;PASTA;No
280042;PASTA;PASTA;No
280050;PASTA;PASTA;Si
280053;PASTA;PASTA;Si
280054;PASTA;PASTA ESPELTA;No
280057;PASTA;PASTA;No
280059;PASTA;PASTA CON VERDURAS;Si
280061;PASTA;PASTA;No
280062;PASTA;PASTA ESPELTA;Si
280063;PASTA;PASTA INTEGRAL;No
280064;PASTA;MDD;No
280065;PASTA;PASTA;Si
280066;PASTA;PASTA ESPELTA;No
280067;PASTA;PASTA ESPELTA;No
280221;PASTA;PASTA;Si
280222;PASTA;PASTA;No
280223;PASTA;PASTA;Si
280224;PASTA;PASTA;Si
281001;MDD;MDD;No
281002;MDD;MDD;No
281003;MDD;MDD;No
281004;MDD;MDD;No
281005;MDD;MDD;No
281006;MDD;MDD;No
281007;MDD;SNACKS;No
281008;MDD;SNACKS;No
281009;MDD;SNACKS;No
281010;MDD;MDD;Si
281011;MDD;MDD;Si
281012;MDD;MDD;Si
281013;MDD;MDD;No
295001;MDD;MDD;No
295002;MDD;MDD;No
295003;MDD;MDD;No
295004;MDD;MDD;No
295005;MDD;MDD;No
295006;MDD;MDD;No
296002;CONDIMENTOS;ACEITES Y VINAGRES;Si
296003;CONDIMENTOS;ACEITES Y VINAGRES;No
296006;CONDIMENTOS;ACEITES Y VINAGRES;No
296007;CONDIMENTOS;ACEITES Y VINAGRES;No
297004;;;Si
297011;MDD;MDD;No
297012;MDD;MDD;No
298004;PASTA;PASTA;No
298005;PASTA;PASTA;Si
298006;PASTA;PASTA;Si
298007;PASTA;PASTA;Si
298008;MDD;MDD;No
298009;MDD;MDD;Si
298010;PASTA;PASTA;Si
298011;PASTA;PASTA;Si
299001;MDD;MDD;No
299002;MDD;MDD;Si
299003;MDD;MDD;No
299010;GALLETAS Y DULCES;MERMELADAS;No
299011;GALLETAS Y DULCES;MERMELADAS;No
299012;MDD;MDD;No
299013;GALLETAS Y DULCES;MERMELADAS;No
299014;GALLETAS Y DULCES;MERMELADAS;No
299015;GALLETAS Y DULCES;MERMELADAS;No
299016;GALLETAS Y DULCES;MERMELADAS;No
299017;GALLETAS Y DULCES;MERMELADAS;Si
299018;MDD;MDD;No
299019;MDD;MDD;No
299020;MDD;MDD;No
299022;MDD;MDD;No
299023;GALLETAS Y DULCES;MERMELADAS;No
299024;MDD;MDD;No
299025;MDD;MDD;No
299026;GALLETAS Y DULCES;MERMELADAS;No
299027;MDD;MDD;No
299029;GALLETAS Y DULCES;MERMELADAS;No
299030;MDD;MDD;No
300001;SEMILLAS;SEMILLAS;No
300024;;;Si
300025;;;Si
300026;;;Si
301001;FRUTOS SECOS Y SNACKS;FRUTAS;No
301008;FRUTOS SECOS Y SNACKS;FRUTAS;No
301009;FRUTOS SECOS Y SNACKS;FRUTAS;No
301010;FRUTOS SECOS Y SNACKS;FRUTAS;No
301011;FRUTOS SECOS Y SNACKS;FRUTAS;No
301012;FRUTOS SECOS Y SNACKS;FRUTAS;No
301014;FRUTOS SECOS Y SNACKS;FRUTAS;No
301017;FRUTOS SECOS Y SNACKS;FRUTAS;Si
301020;FRUTOS SECOS Y SNACKS;FRUTAS;No
301021;FRUTOS SECOS Y SNACKS;FRUTAS;No
301023;FRUTOS SECOS Y SNACKS;FRUTOS SECOS;No
301030;FRUTOS SECOS Y SNACKS;FRUTAS;No
301034;FRUTOS SECOS Y SNACKS;FRUTAS;No
301097;FRUTOS SECOS Y SNACKS;FRUTAS;No
301099;FRUTOS SECOS Y SNACKS;FRUTAS;No
305001;CEREALES, MUESLIS, HINCHADOS Y CRUJIENTES;MUESLIS Y GRANOLAS;Si
305002;CEREALES, MUESLIS, HINCHADOS Y CRUJIENTES;MUESLIS Y GRANOLAS;Si
305003;CEREALES, MUESLIS, HINCHADOS Y CRUJIENTES;MUESLIS Y GRANOLAS;Si
305004;CEREALES, MUESLIS, HINCHADOS Y CRUJIENTES;MUESLIS Y GRANOLAS;Si
305006;CEREALES, MUESLIS, HINCHADOS Y CRUJIENTES;MUESLIS Y GRANOLAS;Si
305010;CEREALES, MUESLIS, HINCHADOS Y CRUJIENTES;MUESLIS Y GRANOLAS;No
305011;CEREALES, MUESLIS, HINCHADOS Y CRUJIENTES;MUESLIS Y GRANOLAS;Si
305012;CEREALES, MUESLIS, HINCHADOS Y CRUJIENTES;MUESLIS Y GRANOLAS;Si
305014;CEREALES, MUESLIS, HINCHADOS Y CRUJIENTES;MUESLIS Y GRANOLAS;Si
305015;CEREALES, MUESLIS, HINCHADOS Y CRUJIENTES;MUESLIS Y GRANOLAS;No
305016;CEREALES, MUESLIS, HINCHADOS Y CRUJIENTES;MUESLIS Y GRANOLAS;No
310001;CEREALES, MUESLIS, HINCHADOS Y CRUJIENTES;COPOS;No
310002;CEREALES, MUESLIS, HINCHADOS Y CRUJIENTES;COPOS;No
310004;CEREALES, MUESLIS, HINCHADOS Y CRUJIENTES;COPOS;No
310005;CEREALES, MUESLIS, HINCHADOS Y CRUJIENTES;COPOS;No
310006;CEREALES, MUESLIS, HINCHADOS Y CRUJIENTES;COPOS;No
310007;CEREALES, MUESLIS, HINCHADOS Y CRUJIENTES;COPOS;No
310008;CEREALES, MUESLIS, HINCHADOS Y CRUJIENTES;COPOS;Si
310010;CEREALES, MUESLIS, HINCHADOS Y CRUJIENTES;COPOS;No
315002;CEREALES, MUESLIS, HINCHADOS Y CRUJIENTES;PELADOS, EN GRANO;No
315004;CEREALES, MUESLIS, HINCHADOS Y CRUJIENTES;PELADOS, EN GRANO;No
315005;CEREALES, MUESLIS, HINCHADOS Y CRUJIENTES;PELADOS, EN GRANO;No
315007;CEREALES, MUESLIS, HINCHADOS Y CRUJIENTES;PELADOS, EN GRANO;No
315008;CEREALES, MUESLIS, HINCHADOS Y CRUJIENTES;HINCHADOS Y CRUJIENTES;Si
315009;CEREALES, MUESLIS, HINCHADOS Y CRUJIENTES;PELADOS, EN GRANO;Si
320001;ARROCES Y LEGUMBRES;ARROCES;No
325001;CONDIMENTOS;AZUCARES Y EDULCORANTES;No
325003;CONDIMENTOS;AZUCARES Y EDULCORANTES;No
325006;CONDIMENTOS;AZUCARES Y EDULCORANTES;No
325008;CONDIMENTOS;AZUCARES Y EDULCORANTES;No
330003;CONDIMENTOS;ACEITES Y VINAGRES;No
330004;CONDIMENTOS;ACEITES Y VINAGRES;No
330005;CONDIMENTOS;ACEITES Y VINAGRES;Si
335001;CEREALES, MUESLIS, HINCHADOS Y CRUJIENTES;SALVADOS;No
335002;CEREALES, MUESLIS, HINCHADOS Y CRUJIENTES;SALVADOS;No
335003;CEREALES, MUESLIS, HINCHADOS Y CRUJIENTES;SALVADOS;No
340001;HARINAS Y SEMOLAS;SEMOLAS;No
340002;HARINAS Y SEMOLAS;SEMOLAS;No
340003;HARINAS Y SEMOLAS;SEMOLAS;No
340004;SOPAS Y PLATOS PREPARADOS;SOPAS;No
340005;HARINAS Y SEMOLAS;SEMOLAS;No
340008;HARINAS Y SEMOLAS;SEMOLAS;Si
340009;SOPAS Y PLATOS PREPARADOS;SOPAS;No
340010;CONDIMENTOS;COMPLEMENTOS;No
340016;HARINAS Y SEMOLAS;SEMOLAS;No
340018;HARINAS Y SEMOLAS;SEMOLAS;No
345001;HARINAS Y SEMOLAS;HARINAS;No
345003;HARINAS Y SEMOLAS;HARINAS;No
345004;HARINAS Y SEMOLAS;HARINAS;No
345006;HARINAS Y SEMOLAS;HARINAS;No
345007;HARINAS Y SEMOLAS;HARINAS;No
350000;CEREALES, MUESLIS, HINCHADOS Y CRUJIENTES;HINCHADOS Y CRUJIENTES;No
350001;CEREALES, MUESLIS, HINCHADOS Y CRUJIENTES;HINCHADOS Y CRUJIENTES;No
350002;ARROCES Y LEGUMBRES;LEGUMBRES;No
350003;COMPLEMENTOS;COMPLEMENTOS;No
350004;COMPLEMENTOS;COMPLEMENTOS;No
350005;ARROCES Y LEGUMBRES;LEGUMBRES;No
350010;CEREALES, MUESLIS, HINCHADOS Y CRUJIENTES;HINCHADOS Y CRUJIENTES;No
350011;CEREALES, MUESLIS, HINCHADOS Y CRUJIENTES;MUESLIS Y GRANOLAS;Si
350013;COMPLEMENTOS;COMPLEMENTOS;No
350015;CEREALES, MUESLIS, HINCHADOS Y CRUJIENTES;HINCHADOS Y CRUJIENTES;No
350016;CEREALES, MUESLIS, HINCHADOS Y CRUJIENTES;HINCHADOS Y CRUJIENTES;No
350019;CEREALES, MUESLIS, HINCHADOS Y CRUJIENTES;HINCHADOS Y CRUJIENTES;No
350020;CEREALES, MUESLIS, HINCHADOS Y CRUJIENTES;HINCHADOS Y CRUJIENTES;No
350021;CEREALES, MUESLIS, HINCHADOS Y CRUJIENTES;MUESLIS Y GRANOLAS;No
350022;CEREALES, MUESLIS, HINCHADOS Y CRUJIENTES;HINCHADOS Y CRUJIENTES;No
350023;COMPLEMENTOS;COMPLEMENTOS;No
350026;CEREALES, MUESLIS, HINCHADOS Y CRUJIENTES;MUESLIS Y GRANOLAS;No
350028;COMPLEMENTOS;COMPLEMENTOS;No
356030;FRUTOS SECOS Y SNACKS;SNACKS;No
365010;ARROCES Y LEGUMBRES;LEGUMBRES;No
370001;SEMILLAS;SEMILLAS;No
370002;SEMILLAS;SEMILLAS;No
370003;SEMILLAS;SEMILLAS;No
370004;SEMILLAS;SEMILLAS;No
370005;SEMILLAS;SEMILLAS;No
370006;SEMILLAS;SEMILLAS;No
370009;SEMILLAS;SEMILLAS;No
370021;SEMILLAS;SEMILLAS;No
370022;SEMILLAS;SEMILLAS;No
370025;SEMILLAS;SEMILLAS;No
380015;PASTA;PASTA INTEGRAL;No
380017;PASTA;PASTA INTEGRAL;No
399901;HARINAS Y SEMOLAS;SEMOLAS;No
399905;HARINAS Y SEMOLAS;SEMOLAS;No
399906;HARINAS Y SEMOLAS;SEMOLAS;No
399908;HARINAS Y SEMOLAS;SEMOLAS;No
400028;;;Si
401001;FRUTOS SECOS Y SNACKS;FRUTAS;No
401002;FRUTOS SECOS Y SNACKS;FRUTAS;No
401003;FRUTOS SECOS Y SNACKS;FRUTOS SECOS;No
401004;FRUTOS SECOS Y SNACKS;FRUTOS SECOS;No
401006;FRUTOS SECOS Y SNACKS;FRUTOS SECOS;No
401012;FRUTOS SECOS Y SNACKS;FRUTAS;No
401020;FRUTOS SECOS Y SNACKS;FRUTOS SECOS;No
401021;FRUTOS SECOS Y SNACKS;FRUTAS;No
401023;FRUTOS SECOS Y SNACKS;FRUTOS SECOS;No
401098;FRUTOS SECOS Y SNACKS;FRUTAS;No
401099;FRUTOS SECOS Y SNACKS;FRUTAS;No
401100;FRUTOS SECOS Y SNACKS;FRUTAS;No
405001;CEREALES, MUESLIS, HINCHADOS Y CRUJIENTES;MUESLIS Y GRANOLAS;No
405002;CEREALES, MUESLIS, HINCHADOS Y CRUJIENTES;MUESLIS Y GRANOLAS;Si
405004;CEREALES, MUESLIS, HINCHADOS Y CRUJIENTES;MUESLIS Y GRANOLAS;Si
405005;CEREALES, MUESLIS, HINCHADOS Y CRUJIENTES;MUESLIS Y GRANOLAS;Si
405006;CEREALES, MUESLIS, HINCHADOS Y CRUJIENTES;MUESLIS Y GRANOLAS;Si
405007;CEREALES, MUESLIS, HINCHADOS Y CRUJIENTES;HINCHADOS Y CRUJIENTES;No
405008;CEREALES, MUESLIS, HINCHADOS Y CRUJIENTES;HINCHADOS Y CRUJIENTES;No
405009;CEREALES, MUESLIS, HINCHADOS Y CRUJIENTES;HINCHADOS Y CRUJIENTES;No
405010;CEREALES, MUESLIS, HINCHADOS Y CRUJIENTES;HINCHADOS Y CRUJIENTES;No
405011;CEREALES, MUESLIS, HINCHADOS Y CRUJIENTES;MUESLIS Y GRANOLAS;Si
405012;CEREALES, MUESLIS, HINCHADOS Y CRUJIENTES;HINCHADOS Y CRUJIENTES;No
405013;CEREALES, MUESLIS, HINCHADOS Y CRUJIENTES;HINCHADOS Y CRUJIENTES;No
410001;CEREALES, MUESLIS, HINCHADOS Y CRUJIENTES;COPOS;No
410002;CEREALES, MUESLIS, HINCHADOS Y CRUJIENTES;COPOS;No
410004;CEREALES, MUESLIS, HINCHADOS Y CRUJIENTES;COPOS;Si
410005;CEREALES, MUESLIS, HINCHADOS Y CRUJIENTES;COPOS;No
410006;CEREALES, MUESLIS, HINCHADOS Y CRUJIENTES;COPOS;No
410007;CEREALES, MUESLIS, HINCHADOS Y CRUJIENTES;COPOS;No
410008;CEREALES, MUESLIS, HINCHADOS Y CRUJIENTES;COPOS;No
410010;CEREALES, MUESLIS, HINCHADOS Y CRUJIENTES;COPOS;No
410011;CEREALES, MUESLIS, HINCHADOS Y CRUJIENTES;COPOS;No
410013;CEREALES, MUESLIS, HINCHADOS Y CRUJIENTES;COPOS;No
410014;CEREALES, MUESLIS, HINCHADOS Y CRUJIENTES;COPOS;No
410015;CEREALES, MUESLIS, HINCHADOS Y CRUJIENTES;COPOS;No
410018;CEREALES, MUESLIS, HINCHADOS Y CRUJIENTES;COPOS;No
410019;CEREALES, MUESLIS, HINCHADOS Y CRUJIENTES;HINCHADOS Y CRUJIENTES;Si
415001;CEREALES, MUESLIS, HINCHADOS Y CRUJIENTES;PELADOS, EN GRANO;No
415002;CEREALES, MUESLIS, HINCHADOS Y CRUJIENTES;PELADOS, EN GRANO;No
415003;CEREALES, MUESLIS, HINCHADOS Y CRUJIENTES;PELADOS, EN GRANO;No
415004;CEREALES, MUESLIS, HINCHADOS Y CRUJIENTES;PELADOS, EN GRANO;No
415005;CEREALES, MUESLIS, HINCHADOS Y CRUJIENTES;PELADOS, EN GRANO;No
415007;CEREALES, MUESLIS, HINCHADOS Y CRUJIENTES;PELADOS, EN GRANO;No
415008;CEREALES, MUESLIS, HINCHADOS Y CRUJIENTES;HINCHADOS Y CRUJIENTES;No
415010;CEREALES, MUESLIS, HINCHADOS Y CRUJIENTES;PELADOS, EN GRANO;No
415013;CEREALES, MUESLIS, HINCHADOS Y CRUJIENTES;PELADOS, EN GRANO;No
420001;ARROCES Y LEGUMBRES;ARROCES;No
420003;ARROCES Y LEGUMBRES;ARROCES;No
420004;ARROCES Y LEGUMBRES;ARROCES;No
420005;ARROCES Y LEGUMBRES;ARROCES;No
420008;SOPAS Y PLATOS PREPARADOS;PLATOS PREPARADOS;Si
420009;SOPAS Y PLATOS PREPARADOS;PLATOS PREPARADOS;Si
420012;ARROCES Y LEGUMBRES;ARROCES;Si
420014;SOPAS Y PLATOS PREPARADOS;PLATOS PREPARADOS;No
420015;SOPAS Y PLATOS PREPARADOS;PLATOS PREPARADOS;No
420016;SOPAS Y PLATOS PREPARADOS;PLATOS PREPARADOS;No
420018;ARROCES Y LEGUMBRES;ARROCES;No
425001;CONDIMENTOS;AZUCARES Y EDULCORANTES;No
425003;CONDIMENTOS;AZUCARES Y EDULCORANTES;No
425004;;;No
425006;CONDIMENTOS;AZUCARES Y EDULCORANTES;No
425007;CONDIMENTOS;AZUCARES Y EDULCORANTES;No
435003;CEREALES, MUESLIS, HINCHADOS Y CRUJIENTES;SALVADOS;No
440001;HARINAS Y SEMOLAS;SEMOLAS;No
440002;HARINAS Y SEMOLAS;SEMOLAS;No
440003;HARINAS Y SEMOLAS;SEMOLAS;No
440004;HARINAS Y SEMOLAS;SEMOLAS;No
440009;SOPAS Y PLATOS PREPARADOS;SOPAS;No
440016;HARINAS Y SEMOLAS;SEMOLAS;No
440017;HARINAS Y SEMOLAS;SEMOLAS;No
440019;SOPAS Y PLATOS PREPARADOS;SOPAS;No
440020;SOPAS Y PLATOS PREPARADOS;PLATOS PREPARADOS;No
440021;SOPAS Y PLATOS PREPARADOS;PLATOS PREPARADOS;No
440022;HARINAS Y SEMOLAS;SEMOLAS;No
445001;HARINAS Y SEMOLAS;HARINAS;No
445003;HARINAS Y SEMOLAS;HARINAS;No
445004;HARINAS Y SEMOLAS;HARINAS;No
445005;HARINAS Y SEMOLAS;HARINAS;No
445007;HARINAS Y SEMOLAS;HARINAS;No
445008;HARINAS Y SEMOLAS;HARINAS;No
445009;HARINAS Y SEMOLAS;HARINAS;No
445010;HARINAS Y SEMOLAS;HARINAS;No
445011;HARINAS Y SEMOLAS;HARINAS;No
445012;HARINAS Y SEMOLAS;HARINAS;No
445013;HARINAS Y SEMOLAS;ESPESANTE;No
450001;CEREALES, MUESLIS, HINCHADOS Y CRUJIENTES;HINCHADOS Y CRUJIENTES;No
450002;ARROCES Y LEGUMBRES;LEGUMBRES;No
450005;CEREALES, MUESLIS, HINCHADOS Y CRUJIENTES;PELADOS, EN GRANO;No
450006;CEREALES, MUESLIS, HINCHADOS Y CRUJIENTES;HINCHADOS Y CRUJIENTES;No
450007;ARROCES Y LEGUMBRES;ARROCES;No
450015;CEREALES, MUESLIS, HINCHADOS Y CRUJIENTES;HINCHADOS Y CRUJIENTES;No
450018;CEREALES, MUESLIS, HINCHADOS Y CRUJIENTES;HINCHADOS Y CRUJIENTES;No
450019;CEREALES, MUESLIS, HINCHADOS Y CRUJIENTES;HINCHADOS Y CRUJIENTES;No
450020;CEREALES, MUESLIS, HINCHADOS Y CRUJIENTES;HINCHADOS Y CRUJIENTES;No
450021;CEREALES, MUESLIS, HINCHADOS Y CRUJIENTES;HINCHADOS Y CRUJIENTES;No
450023;CEREALES, MUESLIS, HINCHADOS Y CRUJIENTES;HINCHADOS Y CRUJIENTES;Si
450025;CEREALES, MUESLIS, HINCHADOS Y CRUJIENTES;HINCHADOS Y CRUJIENTES;No
450026;CEREALES, MUESLIS, HINCHADOS Y CRUJIENTES;HINCHADOS Y CRUJIENTES;No
450027;CEREALES, MUESLIS, HINCHADOS Y CRUJIENTES;HINCHADOS Y CRUJIENTES;Si
450031;CEREALES, MUESLIS, HINCHADOS Y CRUJIENTES;HINCHADOS Y CRUJIENTES;No
450032;CEREALES, MUESLIS, HINCHADOS Y CRUJIENTES;HINCHADOS Y CRUJIENTES;No
450033;CEREALES, MUESLIS, HINCHADOS Y CRUJIENTES;HINCHADOS Y CRUJIENTES;No
450034;CEREALES, MUESLIS, HINCHADOS Y CRUJIENTES;HINCHADOS Y CRUJIENTES;No
450035;CEREALES, MUESLIS, HINCHADOS Y CRUJIENTES;HINCHADOS Y CRUJIENTES;No
450036;CEREALES, MUESLIS, HINCHADOS Y CRUJIENTES;HINCHADOS Y CRUJIENTES;No
450038;CEREALES, MUESLIS, HINCHADOS Y CRUJIENTES;HINCHADOS Y CRUJIENTES;No
450040;CEREALES, MUESLIS, HINCHADOS Y CRUJIENTES;COPOS;No
450041;CEREALES, MUESLIS, HINCHADOS Y CRUJIENTES;COPOS;No
450044;CEREALES, MUESLIS, HINCHADOS Y CRUJIENTES;HINCHADOS Y CRUJIENTES;No
465003;ARROCES Y LEGUMBRES;LEGUMBRES;No
465004;ARROCES Y LEGUMBRES;LEGUMBRES;No
465006;ARROCES Y LEGUMBRES;LEGUMBRES;No
465007;ARROCES Y LEGUMBRES;LEGUMBRES;Si
465010;ARROCES Y LEGUMBRES;LEGUMBRES;No
465014;ARROCES Y LEGUMBRES;LEGUMBRES;No
465015;ARROCES Y LEGUMBRES;LEGUMBRES;No
465017;ARROCES Y LEGUMBRES;LEGUMBRES;No
465018;ARROCES Y LEGUMBRES;LEGUMBRES;No
465019;SOPAS Y PLATOS PREPARADOS;SOPAS;No
470001;SEMILLAS;SEMILLAS;No
470002;SEMILLAS;SEMILLAS;No
470003;SEMILLAS;SEMILLAS;No
470004;SEMILLAS;SEMILLAS;No
470005;SEMILLAS;SEMILLAS;No
470006;SEMILLAS;SEMILLAS;Si
470008;SEMILLAS;SEMILLAS;Si
470009;SEMILLAS;SEMILLAS;No
470018;SEMILLAS;SEMILLAS;No
470023;SEMILLAS;SEMILLAS;No
480001;PASTA;PASTA CON VERDURAS;No
480006;PASTA;PASTA CON VERDURAS;No
480011;PASTA;PASTA INTEGRAL;No
480015;PASTA;PASTA INTEGRAL;No
480022;PASTA;PASTA;No
480024;PASTA;PASTA;No
480031;PASTA;PASTA ESPELTA;No
480032;SOPAS Y PLATOS PREPARADOS;PLATOS PREPARADOS;No
480033;SOPAS Y PLATOS PREPARADOS;PLATOS PREPARADOS;No
480034;PASTA;PASTA ESPELTA;No
480037;PASTA;PASTA ESPELTA;Si
501023;FRUTOS SECOS Y SNACKS;FRUTAS;No
505001;CEREALES, MUESLIS, HINCHADOS Y CRUJIENTES;MUESLIS Y GRANOLAS;No
505002;CEREALES, MUESLIS, HINCHADOS Y CRUJIENTES;MUESLIS Y GRANOLAS;No
505005;CEREALES, MUESLIS, HINCHADOS Y CRUJIENTES;MUESLIS Y GRANOLAS;No
505010;CEREALES, MUESLIS, HINCHADOS Y CRUJIENTES;HINCHADOS Y CRUJIENTES;No
510001;CEREALES, MUESLIS, HINCHADOS Y CRUJIENTES;COPOS;No
510004;CEREALES, MUESLIS, HINCHADOS Y CRUJIENTES;COPOS;No
510010;CEREALES, MUESLIS, HINCHADOS Y CRUJIENTES;COPOS;No
515009;CEREALES, MUESLIS, HINCHADOS Y CRUJIENTES;HINCHADOS Y CRUJIENTES;No
520002;ARROCES Y LEGUMBRES;ARROCES;No
520004;ARROCES Y LEGUMBRES;ARROCES;No
520007;ARROCES Y LEGUMBRES;ARROCES;No
525000;CONDIMENTOS;AZUCARES Y EDULCORANTES;No
525002;CONDIMENTOS;AZUCARES Y EDULCORANTES;No
526020;FRUTOS SECOS Y SNACKS;SNACKS;No
540003;;;No
545003;HARINAS Y SEMOLAS;HARINAS;No
545007;HARINAS Y SEMOLAS;HARINAS;No
545008;HARINAS Y SEMOLAS;HARINAS;No
545010;HARINAS Y SEMOLAS;HARINAS;No
550001;CEREALES, MUESLIS, HINCHADOS Y CRUJIENTES;HINCHADOS Y CRUJIENTES;No
550015;CEREALES, MUESLIS, HINCHADOS Y CRUJIENTES;HINCHADOS Y CRUJIENTES;No
550019;CEREALES, MUESLIS, HINCHADOS Y CRUJIENTES;HINCHADOS Y CRUJIENTES;No
550020;CEREALES, MUESLIS, HINCHADOS Y CRUJIENTES;HINCHADOS Y CRUJIENTES;No
550025;CEREALES, MUESLIS, HINCHADOS Y CRUJIENTES;PELADOS, EN GRANO;No
550026;CEREALES, MUESLIS, HINCHADOS Y CRUJIENTES;HINCHADOS Y CRUJIENTES;No
550029;CEREALES, MUESLIS, HINCHADOS Y CRUJIENTES;HINCHADOS Y CRUJIENTES;No
550031;CEREALES, MUESLIS, HINCHADOS Y CRUJIENTES;HINCHADOS Y CRUJIENTES;No
550032;CEREALES, MUESLIS, HINCHADOS Y CRUJIENTES;HINCHADOS Y CRUJIENTES;No
550033;CEREALES, MUESLIS, HINCHADOS Y CRUJIENTES;HINCHADOS Y CRUJIENTES;No
565001;ARROCES Y LEGUMBRES;LEGUMBRES;No
565002;ARROCES Y LEGUMBRES;LEGUMBRES;No
565006;ARROCES Y LEGUMBRES;LEGUMBRES;No
565010;ARROCES Y LEGUMBRES;LEGUMBRES;No
570002;SEMILLAS;SEMILLAS;No
570003;SEMILLAS;SEMILLAS;No
570006;SEMILLAS;SEMILLAS;No
570008;SEMILLAS;SEMILLAS;No
580005;PASTA;PASTA CON VERDURAS;No
580006;PASTA;PASTA CON VERDURAS;No
580015;PASTA;PASTA;No
580034;PASTA;PASTA ESPELTA;No
580037;PASTA;PASTA ESPELTA;No
597012;MDD;MDD;No
598004;PASTA;PASTA;Si
601009;FRUTOS SECOS Y SNACKS;FRUTAS;No
605001;CEREALES, MUESLIS, HINCHADOS Y CRUJIENTES;MUESLIS Y GRANOLAS;No
605002;CEREALES, MUESLIS, HINCHADOS Y CRUJIENTES;MUESLIS Y GRANOLAS;No
605004;CEREALES, MUESLIS, HINCHADOS Y CRUJIENTES;MUESLIS Y GRANOLAS;No
605005;CEREALES, MUESLIS, HINCHADOS Y CRUJIENTES;MUESLIS Y GRANOLAS;No
605006;CEREALES, MUESLIS, HINCHADOS Y CRUJIENTES;MUESLIS Y GRANOLAS;No
605007;CEREALES, MUESLIS, HINCHADOS Y CRUJIENTES;MUESLIS Y GRANOLAS;No
605008;CEREALES, MUESLIS, HINCHADOS Y CRUJIENTES;MUESLIS Y GRANOLAS;No
605015;CEREALES, MUESLIS, HINCHADOS Y CRUJIENTES;MUESLIS Y GRANOLAS;No
605016;CEREALES, MUESLIS, HINCHADOS Y CRUJIENTES;MUESLIS Y GRANOLAS;No
610015;CEREALES, MUESLIS, HINCHADOS Y CRUJIENTES;COPOS;No
615003;CEREALES, MUESLIS, HINCHADOS Y CRUJIENTES;PELADOS, EN GRANO;No
615004;CEREALES, MUESLIS, HINCHADOS Y CRUJIENTES;PELADOS, EN GRANO;No
615010;;;No
615013;CEREALES, MUESLIS, HINCHADOS Y CRUJIENTES;PELADOS, EN GRANO;No
620006;CEREALES, MUESLIS, HINCHADOS Y CRUJIENTES;HINCHADOS Y CRUJIENTES;No
625002;CEREALES, MUESLIS, HINCHADOS Y CRUJIENTES;MUESLIS Y GRANOLAS;No
625006;CONDIMENTOS;AZUCARES Y EDULCORANTES;No
630003;CONDIMENTOS;ACEITES Y VINAGRES;No
640019;MDD;MDD;No
645006;HARINAS Y SEMOLAS;HARINAS;No
650001;CEREALES, MUESLIS, HINCHADOS Y CRUJIENTES;HINCHADOS Y CRUJIENTES;No
650002;CEREALES, MUESLIS, HINCHADOS Y CRUJIENTES;HINCHADOS Y CRUJIENTES;No
650005;CEREALES, MUESLIS, HINCHADOS Y CRUJIENTES;HINCHADOS Y CRUJIENTES;No
650006;CEREALES, MUESLIS, HINCHADOS Y CRUJIENTES;PELADOS, EN GRANO;No
650007;CEREALES, MUESLIS, HINCHADOS Y CRUJIENTES;HINCHADOS Y CRUJIENTES;No
650008;CEREALES, MUESLIS, HINCHADOS Y CRUJIENTES;HINCHADOS Y CRUJIENTES;No
650010;CEREALES, MUESLIS, HINCHADOS Y CRUJIENTES;HINCHADOS Y CRUJIENTES;No
650015;CEREALES, MUESLIS, HINCHADOS Y CRUJIENTES;HINCHADOS Y CRUJIENTES;No
650016;CEREALES, MUESLIS, HINCHADOS Y CRUJIENTES;HINCHADOS Y CRUJIENTES;No
650017;;;No
650018;CEREALES, MUESLIS, HINCHADOS Y CRUJIENTES;HINCHADOS Y CRUJIENTES;No
650019;CEREALES, MUESLIS, HINCHADOS Y CRUJIENTES;PELADOS, EN GRANO;No
650020;CEREALES, MUESLIS, HINCHADOS Y CRUJIENTES;HINCHADOS Y CRUJIENTES;No
650021;CEREALES, MUESLIS, HINCHADOS Y CRUJIENTES;HINCHADOS Y CRUJIENTES;Si
650023;COMPLEMENTOS;SUPERALIMENTOS;No
650024;COMPLEMENTOS;SUPERALIMENTOS;No
650026;;;No
650028;CONDIMENTOS;AZUCARES Y EDULCORANTES;No
650032;CEREALES, MUESLIS, HINCHADOS Y CRUJIENTES;MUESLIS Y GRANOLAS;No
650101;CEREALES, MUESLIS, HINCHADOS Y CRUJIENTES;HINCHADOS Y CRUJIENTES;No
655030;GALLETAS Y DULCES;GALLETAS Y DULCES;No
655080;GALLETAS Y DULCES;GALLETAS Y DULCES;Si
655082;GALLETAS Y DULCES;GALLETAS Y DULCES;No
665003;ARROCES Y LEGUMBRES;LEGUMBRES;No
665004;ARROCES Y LEGUMBRES;LEGUMBRES;Si
665010;ARROCES Y LEGUMBRES;LEGUMBRES;No
671002;SEMILLAS;SEMILLAS;No
680006;PASTA;PASTA CON VERDURAS;No
680007;PASTA;PASTA CON VERDURAS;No
680037;PASTA;PASTA ESPELTA;No
805008;CEREALES, MUESLIS, HINCHADOS Y CRUJIENTES;HINCHADOS Y CRUJIENTES;Si
805012;CEREALES, MUESLIS, HINCHADOS Y CRUJIENTES;HINCHADOS Y CRUJIENTES;Si
810002;CEREALES, MUESLIS, HINCHADOS Y CRUJIENTES;COPOS;Si
810004;CEREALES, MUESLIS, HINCHADOS Y CRUJIENTES;COPOS;Si
810008;CEREALES, MUESLIS, HINCHADOS Y CRUJIENTES;COPOS;Si
810011;CEREALES, MUESLIS, HINCHADOS Y CRUJIENTES;COPOS;Si
810013;CEREALES, MUESLIS, HINCHADOS Y CRUJIENTES;COPOS;Si
810014;CEREALES, MUESLIS, HINCHADOS Y CRUJIENTES;COPOS;Si
810015;CEREALES, MUESLIS, HINCHADOS Y CRUJIENTES;COPOS;Si
815001;CEREALES, MUESLIS, HINCHADOS Y CRUJIENTES;PELADOS, EN GRANO;Si
815002;CEREALES, MUESLIS, HINCHADOS Y CRUJIENTES;PELADOS, EN GRANO;Si
815003;CEREALES, MUESLIS, HINCHADOS Y CRUJIENTES;PELADOS, EN GRANO;Si
815005;CEREALES, MUESLIS, HINCHADOS Y CRUJIENTES;PELADOS, EN GRANO;Si
815008;CEREALES, MUESLIS, HINCHADOS Y CRUJIENTES;HINCHADOS Y CRUJIENTES;Si
815010;CEREALES, MUESLIS, HINCHADOS Y CRUJIENTES;PELADOS, EN GRANO;Si
820001;ARROCES Y LEGUMBRES;ARROCES;Si
820008;SOPAS Y PLATOS PREPARADOS;PLATOS PREPARADOS;Si
820013;ARROCES Y LEGUMBRES;ARROCES;Si
820025;CEREALES, MUESLIS, HINCHADOS Y CRUJIENTES;PELADOS, EN GRANO;Si
825005;CONDIMENTOS;AZUCARES Y EDULCORANTES;Si
825007;CONDIMENTOS;AZUCARES Y EDULCORANTES;Si
835003;CEREALES, MUESLIS, HINCHADOS Y CRUJIENTES;SALVADOS;Si
840004;HARINAS Y SEMOLAS;SEMOLAS;Si
840009;SOPAS Y PLATOS PREPARADOS;SOPAS;Si
840019;SOPAS Y PLATOS PREPARADOS;SOPAS;Si
840020;SOPAS Y PLATOS PREPARADOS;PLATOS PREPARADOS;Si
845004;HARINAS Y SEMOLAS;HARINAS;Si
845009;HARINAS Y SEMOLAS;HARINAS;Si
845012;HARINAS Y SEMOLAS;ESPESANTE;Si
845014;HARINAS Y SEMOLAS;HARINAS;Si
850002;ARROCES Y LEGUMBRES;LEGUMBRES;Si
850026;CEREALES, MUESLIS, HINCHADOS Y CRUJIENTES;HINCHADOS Y CRUJIENTES;Si
850034;CEREALES, MUESLIS, HINCHADOS Y CRUJIENTES;HINCHADOS Y CRUJIENTES;Si
850036;CEREALES, MUESLIS, HINCHADOS Y CRUJIENTES;HINCHADOS Y CRUJIENTES;Si
855006;GALLETAS Y DULCES;GALLETAS Y DULCES;Si
855009;GALLETAS Y DULCES;GALLETAS Y DULCES;Si
855011;GALLETAS Y DULCES;GALLETAS Y DULCES;Si
855014;GALLETAS Y DULCES;GALLETAS Y DULCES;Si
855015;GALLETAS Y DULCES;GALLETAS Y DULCES;Si
855016;FRUTOS SECOS Y SNACKS;SNACKS;Si
855018;FRUTOS SECOS Y SNACKS;SNACKS;Si
855019;FRUTOS SECOS Y SNACKS;SNACKS;Si
855020;GALLETAS Y DULCES;GALLETAS Y DULCES;Si
856001;FRUTOS SECOS Y SNACKS;SNACKS;Si
856002;FRUTOS SECOS Y SNACKS;SNACKS;Si
856006;FRUTOS SECOS Y SNACKS;SNACKS;Si
856014;FRUTOS SECOS Y SNACKS;SNACKS;Si
856015;FRUTOS SECOS Y SNACKS;SNACKS;Si
856020;FRUTOS SECOS Y SNACKS;SNACKS;Si
865018;ARROCES Y LEGUMBRES;LEGUMBRES;Si
870005;SEMILLAS;SEMILLAS;Si
870012;SEMILLAS;SEMILLAS;Si
875002;BEBIDAS VEGETALES;ZUMOS;Si
875003;BEBIDAS VEGETALES;ZUMOS;Si
875004;BEBIDAS VEGETALES;ZUMOS;Si
875005;BEBIDAS VEGETALES;ZUMOS;Si
875006;BEBIDAS VEGETALES;ZUMOS;Si
875007;BEBIDAS VEGETALES;ZUMOS;Si
878001;BEBIDAS VEGETALES;ZUMOS;Si
878002;BEBIDAS VEGETALES;ZUMOS;Si
879001;GALLETAS Y DULCES;MERMELADAS;Si
880011;PASTA;PASTA INTEGRAL;Si
880015;PASTA;PASTA INTEGRAL;Si
880016;PASTA;PASTA INTEGRAL;Si
880017;PASTA;PASTA INTEGRAL;Si
880041;PASTA;PASTA ESPELTA;Si
880063;PASTA;PASTA INTEGRAL;Si
880065;PASTA;PASTA;Si
881001;MDD;MDD;Si
881002;MDD;MDD;Si
881003;MDD;MDD;Si
881004;;;Si
896002;CONDIMENTOS;ACEITES Y VINAGRES;Si
896003;CONDIMENTOS;ACEITES Y VINAGRES;Si
897011;MDD;MDD;Si
897012;MDD;MDD;Si
898004;PASTA;PASTA;Si
898007;PASTA;PASTA;Si
898009;MDD;MDD;Si