CODART,L1,L2,L3,L4,PRODMIN,PRODFAM,TPROD,TPREP
100001,FALSE,TRUE,FALSE,FALSE,50,TRUE,0,10
100002,FALSE,TRUE,TRUE,TRUE,50,TRUE,0,10
100003,FALSE,TRUE,FALSE,FALSE,50,TRUE,0,10
100004,FALSE,FALSE,FALSE,TRUE,50,TRUE,0,10
100005,TRUE,TRUE,FALSE,FALSE,50,TRUE,0,10
100006,FALSE,FALSE,TRUE,FALSE,50,TRUE,0,10
100007,FALSE,FALSE,TRUE,FALSE,50,TRUE,0,10
100008,FALSE,FALSE,TRUE,FALSE,50,TRUE,0,10
100010,FALSE,FALSE,FALSE,TRUE,50,TRUE,0,10
100016,FALSE,TRUE,FALSE,FALSE,50,TRUE,0,10
101001,FALSE,FALSE,TRUE,TRUE,50,TRUE,0,10
101002,TRUE,FALSE,TRUE,TRUE,50,TRUE,0,10
101003,TRUE,TRUE,FALSE,FALSE,50,TRUE,0,10
101008,TRUE,TRUE,FALSE,FALSE,50,TRUE,0,10
101009,FALSE,FALSE,FALSE,TRUE,50,FALSE,0.058477732,10
101010,TRUE,FALSE,FALSE,FALSE,50,TRUE,0,10
101011,TRUE,FALSE,FALSE,FALSE,50,TRUE,0,10
101012,FALSE,FALSE,TRUE,FALSE,50,TRUE,0,10
101014,TRUE,FALSE,FALSE,FALSE,50,TRUE,0,30
101015,FALSE,FALSE,TRUE,FALSE,50,TRUE,0,30
101016,FALSE,TRUE,TRUE,TRUE,50,TRUE,0,10
101017,FALSE,TRUE,FALSE,FALSE,50,TRUE,0,30
101018,FALSE,TRUE,FALSE,FALSE,50,TRUE,0,30
101019,TRUE,FALSE,TRUE,FALSE,50,TRUE,0,10
101020,FALSE,TRUE,FALSE,FALSE,50,TRUE,0,10
101021,FALSE,TRUE,TRUE,FALSE,50,TRUE,0,10
101022,TRUE,FALSE,FALSE,FALSE,50,TRUE,0,10
101023,TRUE,TRUE,FALSE,TRUE,50,TRUE,0,10
101026,TRUE,FALSE,TRUE,FALSE,50,TRUE,0,30
101028,FALSE,FALSE,FALSE,FALSE,50,TRUE,0,10
101029,TRUE,FALSE,FALSE,FALSE,50,TRUE,0,35
101031,FALSE,FALSE,FALSE,FALSE,50,TRUE,0,10
101034,FALSE,TRUE,FALSE,FALSE,50,TRUE,0,10
101041,TRUE,TRUE,TRUE,FALSE,50,TRUE,0,10
103001,FALSE,TRUE,FALSE,FALSE,50,TRUE,0,10
103002,FALSE,FALSE,FALSE,TRUE,50,TRUE,0,25
103007,FALSE,TRUE,TRUE,FALSE,50,TRUE,0,10
103010,FALSE,FALSE,FALSE,FALSE,50,TRUE,0,10
105001,FALSE,FALSE,FALSE,TRUE,50,TRUE,0,10
105002,TRUE,TRUE,FALSE,TRUE,50,TRUE,0,10
105003,TRUE,FALSE,TRUE,FALSE,50,TRUE,0,10
105004,FALSE,TRUE,FALSE,TRUE,50,FALSE,0.195794054,10
105005,TRUE,FALSE,FALSE,FALSE,50,TRUE,0,10
105006,FALSE,FALSE,FALSE,TRUE,50,TRUE,0,10
105010,FALSE,FALSE,FALSE,TRUE,50,TRUE,0,10
105011,FALSE,FALSE,TRUE,TRUE,50,TRUE,0,10
105012,FALSE,FALSE,FALSE,TRUE,50,TRUE,0,10
105013,FALSE,FALSE,FALSE,TRUE,50,TRUE,0,10
105014,TRUE,FALSE,TRUE,TRUE,50,TRUE,0,10
105015,FALSE,FALSE,FALSE,TRUE,50,TRUE,0,10
105016,FALSE,FALSE,FALSE,TRUE,50,TRUE,0,10
110001,FALSE,FALSE,TRUE,FALSE,50,TRUE,0,10
110002,FALSE,FALSE,TRUE,FALSE,50,TRUE,0,10
110004,FALSE,FALSE,FALSE,FALSE,50,TRUE,0,10
110005,FALSE,FALSE,FALSE,FALSE,50,TRUE,0,10
110006,TRUE,FALSE,FALSE,TRUE,50,TRUE,0,10
110007,TRUE,TRUE,FALSE,TRUE,50,TRUE,0,10
110008,TRUE,TRUE,TRUE,FALSE,50,TRUE,0,10
110009,FALSE,FALSE,FALSE,TRUE,50,TRUE,0,10
110010,TRUE,FALSE,TRUE,FALSE,50,TRUE,0,10
110011,TRUE,TRUE,FALSE,FALSE,50,TRUE,0,10
110019,FALSE,TRUE,TRUE,TRUE,50,TRUE,0,10
115002,FALSE,FALSE,TRUE,FALSE,50,TRUE,0,10
115003,FALSE,FALSE,TRUE,FALSE,50,TRUE,0,10
115004,FALSE,FALSE,TRUE,FALSE,50,TRUE,0,10
115005,FALSE,TRUE,FALSE,TRUE,50,TRUE,0,10
115007,TRUE,FALSE,TRUE,FALSE,50,TRUE,0,10
120001,FALSE,TRUE,FALSE,FALSE,50,TRUE,0,10
120002,FALSE,TRUE,FALSE,FALSE,50,TRUE,0,10
125001,TRUE,FALSE,FALSE,FALSE,50,TRUE,0,10
125002,TRUE,TRUE,TRUE,FALSE,50,TRUE,0,10
125003,FALSE,TRUE,TRUE,FALSE,50,TRUE,0,10
125004,FALSE,TRUE,FALSE,FALSE,50,TRUE,0,10
125006,FALSE,FALSE,FALSE,FALSE,50,TRUE,0,10
125007,FALSE,FALSE,FALSE,FALSE,50,TRUE,0,10
125008,TRUE,FALSE,FALSE,FALSE,50,TRUE,0,10
130001,TRUE,FALSE,FALSE,TRUE,50,TRUE,0,10
130002,TRUE,TRUE,FALSE,FALSE,50,TRUE,0,10
130003,TRUE,FALSE,FALSE,FALSE,50,TRUE,0,10
130004,TRUE,TRUE,FALSE,FALSE,50,TRUE,0,10
135001,FALSE,FALSE,FALSE,TRUE,50,TRUE,0,10
135002,FALSE,TRUE,FALSE,TRUE,50,TRUE,0,10
135003,FALSE,TRUE,FALSE,TRUE,50,TRUE,0,10
135102,FALSE,FALSE,FALSE,FALSE,50,TRUE,0,10
135203,TRUE,TRUE,FALSE,FALSE,50,TRUE,0,10
140001,TRUE,FALSE,FALSE,FALSE,50,TRUE,0,10
140003,TRUE,FALSE,FALSE,FALSE,50,TRUE,0,10
140004,FALSE,FALSE,TRUE,FALSE,50,TRUE,0,10
140005,FALSE,FALSE,TRUE,FALSE,50,TRUE,0,10
140008,FALSE,TRUE,TRUE,TRUE,50,TRUE,0,10
140009,FALSE,TRUE,FALSE,FALSE,50,TRUE,0,10
140010,TRUE,TRUE,FALSE,FALSE,50,TRUE,0,10
140011,TRUE,FALSE,FALSE,FALSE,50,TRUE,0,10
140012,FALSE,TRUE,TRUE,TRUE,50,TRUE,0,10
140015,FALSE,FALSE,FALSE,FALSE,50,TRUE,0,10
140016,TRUE,TRUE,FALSE,TRUE,50,TRUE,0,10
145001,FALSE,TRUE,FALSE,FALSE,50,TRUE,0,10
145002,FALSE,TRUE,TRUE,TRUE,50,TRUE,0,10
145003,FALSE,FALSE,FALSE,FALSE,50,TRUE,0,10
145004,TRUE,FALSE,FALSE,FALSE,50,TRUE,0,10
145005,FALSE,TRUE,TRUE,FALSE,50,TRUE,0,10
145006,FALSE,FALSE,FALSE,FALSE,50,TRUE,0,10
145007,FALSE,FALSE,FALSE,FALSE,50,TRUE,0,10
150001,FALSE,FALSE,FALSE,TRUE,50,FALSE,0.197368421,10
150002,FALSE,TRUE,FALSE,TRUE,50,TRUE,0,10
150003,FALSE,FALSE,FALSE,FALSE,50,TRUE,0,10
150004,FALSE,FALSE,FALSE,FALSE,50,TRUE,0,10
150005,FALSE,FALSE,FALSE,TRUE,50,TRUE,0,10
150007,FALSE,TRUE,FALSE,TRUE,50,TRUE,0,10
150008,FALSE,FALSE,FALSE,FALSE,50,TRUE,0,10
150009,FALSE,FALSE,FALSE,FALSE,50,TRUE,0,10
150010,FALSE,TRUE,FALSE,TRUE,50,TRUE,0,10
150011,TRUE,TRUE,TRUE,FALSE,50,TRUE,0,10
150012,FALSE,TRUE,TRUE,TRUE,50,TRUE,0,10
150013,FALSE,FALSE,FALSE,TRUE,50,TRUE,0,10
150014,FALSE,FALSE,FALSE,FALSE,50,TRUE,0,10
150015,FALSE,FALSE,FALSE,TRUE,50,TRUE,0,10
150016,FALSE,FALSE,TRUE,FALSE,50,TRUE,0,10
150019,FALSE,FALSE,FALSE,TRUE,50,TRUE,0,10
150020,FALSE,FALSE,FALSE,TRUE,50,TRUE,0,10
150021,FALSE,FALSE,FALSE,TRUE,50,TRUE,0,10
150022,FALSE,FALSE,FALSE,TRUE,50,TRUE,0,10
150023,FALSE,FALSE,FALSE,FALSE,50,TRUE,0,10
150024,TRUE,TRUE,FALSE,FALSE,50,TRUE,0,10
150028,FALSE,FALSE,FALSE,FALSE,50,TRUE,0,10
150113,TRUE,FALSE,FALSE,TRUE,50,TRUE,0,10
150213,FALSE,TRUE,TRUE,FALSE,50,TRUE,0,10
150223,TRUE,TRUE,TRUE,FALSE,50,TRUE,0,10
155016,TRUE,TRUE,FALSE,TRUE,50,TRUE,0,10
155017,FALSE,FALSE,TRUE,TRUE,50,TRUE,0,10
155031,FALSE,TRUE,FALSE,FALSE,50,TRUE,0,10
155040,FALSE,TRUE,FALSE,FALSE,50,TRUE,0,10
155047,FALSE,TRUE,TRUE,FALSE,50,TRUE,0,10
155049,TRUE,TRUE,TRUE,FALSE,50,TRUE,0,10
155054,TRUE,TRUE,FALSE,TRUE,50,TRUE,0,10
155057,FALSE,TRUE,TRUE,TRUE,50,TRUE,0,10
155080,TRUE,TRUE,FALSE,FALSE,50,TRUE,0,10
155082,TRUE,FALSE,TRUE,FALSE,50,TRUE,0,10
155086,TRUE,TRUE,FALSE,TRUE,50,TRUE,0,10
155087,FALSE,FALSE,FALSE,TRUE,50,TRUE,0,10
155088,FALSE,TRUE,FALSE,TRUE,50,TRUE,0,10
155090,FALSE,FALSE,TRUE,TRUE,50,TRUE,0,10
155091,TRUE,FALSE,TRUE,TRUE,50,TRUE,0,10
156011,TRUE,TRUE,TRUE,TRUE,50,TRUE,0,10
156018,FALSE,TRUE,FALSE,FALSE,50,TRUE,0,10
156031,FALSE,TRUE,TRUE,FALSE,50,TRUE,0,10
156032,TRUE,FALSE,TRUE,TRUE,50,TRUE,0,10
160001,TRUE,FALSE,FALSE,FALSE,50,TRUE,0,10
160002,TRUE,FALSE,TRUE,TRUE,50,TRUE,0,10
160003,TRUE,FALSE,TRUE,FALSE,50,TRUE,0,10
160005,TRUE,TRUE,TRUE,FALSE,50,TRUE,0,10
160006,TRUE,TRUE,TRUE,TRUE,50,TRUE,0,10
160007,FALSE,TRUE,TRUE,FALSE,50,TRUE,0,10
160008,FALSE,FALSE,TRUE,TRUE,50,TRUE,0,10
160009,TRUE,TRUE,TRUE,TRUE,50,TRUE,0,10
160010,FALSE,FALSE,TRUE,FALSE,50,TRUE,0,10
160011,FALSE,TRUE,FALSE,TRUE,50,TRUE,0,10
160014,TRUE,FALSE,TRUE,FALSE,50,TRUE,0,10
160015,TRUE,FALSE,TRUE,FALSE,50,TRUE,0,10
160019,FALSE,TRUE,FALSE,FALSE,50,TRUE,0,10
160020,TRUE,TRUE,FALSE,FALSE,50,TRUE,0,10
160021,TRUE,FALSE,TRUE,TRUE,50,TRUE,0,10
160023,TRUE,TRUE,FALSE,FALSE,50,TRUE,0,10
160065,FALSE,FALSE,FALSE,FALSE,50,TRUE,0,10
165001,FALSE,FALSE,TRUE,FALSE,50,TRUE,0,10
165006,TRUE,FALSE,FALSE,FALSE,50,TRUE,0,10
165010,FALSE,FALSE,TRUE,FALSE,50,TRUE,0,10
170001,FALSE,FALSE,FALSE,TRUE,50,TRUE,0,10
170002,TRUE,TRUE,TRUE,TRUE,50,TRUE,0,10
170003,FALSE,FALSE,TRUE,FALSE,50,FALSE,0.062377691,10
170004,TRUE,TRUE,FALSE,FALSE,50,TRUE,0,10
170005,FALSE,FALSE,TRUE,FALSE,50,TRUE,0,10
170006,TRUE,TRUE,FALSE,FALSE,50,TRUE,0,10
170008,FALSE,FALSE,TRUE,TRUE,50,TRUE,0,10
170009,FALSE,TRUE,FALSE,TRUE,50,TRUE,0,10
170012,TRUE,FALSE,FALSE,TRUE,50,TRUE,0,10
170014,TRUE,TRUE,TRUE,TRUE,50,TRUE,0,10
170016,TRUE,FALSE,TRUE,TRUE,50,TRUE,0,10
170019,TRUE,FALSE,FALSE,TRUE,50,TRUE,0,10
170022,TRUE,FALSE,TRUE,FALSE,50,TRUE,0,10
170024,FALSE,FALSE,FALSE,FALSE,50,TRUE,0,10
170025,FALSE,FALSE,TRUE,FALSE,50,TRUE,0,25
170026,FALSE,TRUE,FALSE,FALSE,50,TRUE,0,25
170222,FALSE,FALSE,TRUE,FALSE,50,TRUE,0,25
170305,FALSE,TRUE,FALSE,FALSE,50,FALSE,0.279329609,10
170322,TRUE,FALSE,FALSE,TRUE,50,TRUE,0,10
170925,FALSE,TRUE,TRUE,FALSE,50,TRUE,0,25
175001,FALSE,TRUE,TRUE,TRUE,50,TRUE,0,10
175002,TRUE,TRUE,TRUE,TRUE,50,TRUE,0,10
175003,TRUE,FALSE,FALSE,FALSE,50,TRUE,0,10
175004,FALSE,TRUE,TRUE,TRUE,50,TRUE,0,10
175005,TRUE,FALSE,TRUE,FALSE,50,TRUE,0,10
175006,FALSE,TRUE,TRUE,FALSE,50,TRUE,0,10
175007,FALSE,TRUE,TRUE,FALSE,50,TRUE,0,10
175009,TRUE,TRUE,FALSE,FALSE,50,TRUE,0,10
175012,FALSE,FALSE,TRUE,TRUE,50,TRUE,0,10
175013,FALSE,FALSE,FALSE,TRUE,50,TRUE,0,10
175015,FALSE,TRUE,FALSE,FALSE,50,TRUE,0,10
176001,TRUE,TRUE,TRUE,FALSE,50,TRUE,0,10
176002,FALSE,TRUE,TRUE,TRUE,50,TRUE,0,10
176003,TRUE,TRUE,TRUE,TRUE,50,TRUE,0,10
176004,TRUE,FALSE,TRUE,TRUE,50,TRUE,0,10
176005,TRUE,TRUE,TRUE,FALSE,50,TRUE,0,10
176006,TRUE,FALSE,FALSE,TRUE,50,TRUE,0,10
176007,TRUE,TRUE,TRUE,FALSE,50,TRUE,0,10
176012,FALSE,FALSE,FALSE,TRUE,50,TRUE,0,10
176013,TRUE,FALSE,TRUE,TRUE,50,TRUE,0,10
179001,FALSE,FALSE,TRUE,FALSE,50,TRUE,0,10
179002,TRUE,TRUE,TRUE,TRUE,50,TRUE,0,10
179003,FALSE,TRUE,FALSE,TRUE,50,TRUE,0,10
179009,FALSE,TRUE,FALSE,FALSE,50,TRUE,0,10
179025,TRUE,FALSE,TRUE,TRUE,50,TRUE,0,10
180001,FALSE,TRUE,FALSE,FALSE,50,TRUE,0,10
180008,TRUE,TRUE,TRUE,FALSE,50,TRUE,0,10
180011,FALSE,TRUE,TRUE,FALSE,50,TRUE,0,10
180015,FALSE,TRUE,TRUE,FALSE,50,TRUE,0,10
180016,TRUE,TRUE,TRUE,TRUE,50,TRUE,0,10
180017,TRUE,FALSE,TRUE,FALSE,50,TRUE,0,10
180021,FALSE,FALSE,FALSE,FALSE,50,TRUE,0,10
180025,FALSE,TRUE,FALSE,FALSE,50,TRUE,0,10
180026,FALSE,FALSE,TRUE,TRUE,50,TRUE,0,10
190001,TRUE,FALSE,FALSE,FALSE,50,TRUE,0,10
190002,FALSE,TRUE,TRUE,TRUE,50,TRUE,0,10
190003,TRUE,TRUE,TRUE,TRUE,50,TRUE,0,10
195005,TRUE,FALSE,TRUE,FALSE,50,TRUE,0,10
199903,TRUE,TRUE,FALSE,FALSE,50,TRUE,0,10
199908,TRUE,FALSE,TRUE,TRUE,50,TRUE,0,10
200002,FALSE,FALSE,TRUE,FALSE,50,TRUE,0,10
200003,FALSE,FALSE,TRUE,FALSE,50,TRUE,0,10
200005,FALSE,FALSE,TRUE,FALSE,50,TRUE,0,10
200006,FALSE,FALSE,TRUE,FALSE,50,TRUE,0,10
200007,TRUE,TRUE,TRUE,FALSE,50,TRUE,0,10
200008,FALSE,FALSE,TRUE,FALSE,50,TRUE,0,10
200014,TRUE,TRUE,TRUE,TRUE,50,TRUE,0,10
201001,TRUE,FALSE,FALSE,FALSE,50,TRUE,0,10
201002,TRUE,FALSE,TRUE,TRUE,50,TRUE,0,10
201003,TRUE,FALSE,FALSE,FALSE,50,TRUE,0,10
201004,FALSE,FALSE,TRUE,FALSE,50,TRUE,0,10
201006,FALSE,FALSE,TRUE,TRUE,50,TRUE,0,10
201009,FALSE,FALSE,FALSE,TRUE,50,TRUE,0,10
201015,FALSE,TRUE,FALSE,FALSE,50,TRUE,0,30
201016,TRUE,FALSE,FALSE,TRUE,50,TRUE,0,10
201018,FALSE,TRUE,FALSE,FALSE,50,TRUE,0,30
201019,FALSE,TRUE,FALSE,FALSE,50,TRUE,0,30
201020,TRUE,TRUE,FALSE,FALSE,50,TRUE,0,10
201021,TRUE,FALSE,TRUE,FALSE,50,TRUE,0,10
201023,FALSE,FALSE,TRUE,FALSE,50,TRUE,0,10
201901,TRUE,FALSE,FALSE,FALSE,50,TRUE,0,10
203003,FALSE,FALSE,FALSE,TRUE,50,TRUE,0,10
203004,FALSE,FALSE,TRUE,FALSE,50,TRUE,0,10
203005,FALSE,FALSE,FALSE,TRUE,50,TRUE,0,10
203006,TRUE,TRUE,FALSE,TRUE,50,TRUE,0,10
203008,FALSE,TRUE,TRUE,FALSE,50,TRUE,0,10
205001,FALSE,FALSE,TRUE,FALSE,50,TRUE,0,10
205002,TRUE,FALSE,FALSE,FALSE,50,TRUE,0,10
205004,FALSE,FALSE,FALSE,TRUE,50,FALSE,0.21788071,10
205005,FALSE,FALSE,FALSE,TRUE,50,TRUE,0,10
205006,FALSE,FALSE,FALSE,TRUE,50,TRUE,0,10
205007,FALSE,FALSE,FALSE,TRUE,50,TRUE,0,10
205008,FALSE,FALSE,FALSE,TRUE,50,TRUE,0,10
205009,FALSE,TRUE,FALSE,FALSE,50,TRUE,0,10
205010,FALSE,FALSE,FALSE,TRUE,50,TRUE,0,10
205011,FALSE,FALSE,FALSE,FALSE,50,TRUE,0,10
205012,TRUE,TRUE,TRUE,FALSE,50,TRUE,0,10
205013,TRUE,TRUE,TRUE,FALSE,50,TRUE,0,10
205014,TRUE,TRUE,TRUE,TRUE,50,TRUE,0,10
205905,FALSE,FALSE,FALSE,TRUE,50,TRUE,0,10
210001,FALSE,FALSE,TRUE,FALSE,50,TRUE,0,10
210002,TRUE,FALSE,TRUE,FALSE,50,TRUE,0,10
210004,FALSE,FALSE,TRUE,FALSE,50,TRUE,0,10
210005,FALSE,FALSE,TRUE,FALSE,50,TRUE,0,10
210006,TRUE,FALSE,FALSE,FALSE,50,TRUE,0,10
210007,FALSE,FALSE,TRUE,FALSE,50,TRUE,0,10
210008,FALSE,FALSE,FALSE,TRUE,50,TRUE,0,10
210010,TRUE,TRUE,TRUE,FALSE,50,TRUE,0,10
210011,FALSE,FALSE,FALSE,TRUE,50,TRUE,0,10
210013,FALSE,FALSE,FALSE,TRUE,50,TRUE,0,10
210014,FALSE,FALSE,FALSE,TRUE,50,TRUE,0,10
210015,FALSE,FALSE,TRUE,FALSE,50,TRUE,0,10
210016,FALSE,TRUE,TRUE,FALSE,50,TRUE,0,10
210017,FALSE,FALSE,FALSE,TRUE,50,TRUE,0,10
210019,FALSE,FALSE,FALSE,TRUE,50,TRUE,0,10
210020,TRUE,TRUE,TRUE,FALSE,50,TRUE,0,10
210021,FALSE,FALSE,TRUE,TRUE,50,TRUE,0,10
215001,TRUE,FALSE,FALSE,FALSE,50,TRUE,0,10
215002,FALSE,FALSE,TRUE,FALSE,50,TRUE,0,10
215003,TRUE,FALSE,TRUE,FALSE,50,TRUE,0,10
215004,FALSE,FALSE,TRUE,FALSE,50,TRUE,0,10
215005,TRUE,FALSE,FALSE,FALSE,50,TRUE,0,10
215007,FALSE,FALSE,TRUE,FALSE,50,TRUE,0,10
215009,TRUE,TRUE,TRUE,FALSE,50,TRUE,0,10
215010,TRUE,FALSE,FALSE,FALSE,50,TRUE,0,10
215013,FALSE,FALSE,TRUE,FALSE,50,TRUE,0,10
215015,TRUE,TRUE,TRUE,TRUE,50,TRUE,0,10
215016,TRUE,FALSE,TRUE,FALSE,50,TRUE,0,10
220001,TRUE,FALSE,FALSE,FALSE,50,TRUE,0,10
220002,TRUE,TRUE,FALSE,FALSE,50,TRUE,0,10
220003,FALSE,TRUE,TRUE,FALSE,50,TRUE,0,10
220004,FALSE,FALSE,TRUE,FALSE,50,TRUE,0,10
220005,TRUE,FALSE,FALSE,FALSE,50,TRUE,0,10
220006,FALSE,TRUE,TRUE,FALSE,50,TRUE,0,10
220007,TRUE,TRUE,TRUE,FALSE,50,TRUE,0,10
220008,FALSE,TRUE,FALSE,TRUE,50,TRUE,0,10
220009,TRUE,TRUE,FALSE,TRUE,50,TRUE,0,10
220014,FALSE,FALSE,TRUE,TRUE,50,TRUE,0,10
220015,TRUE,FALSE,FALSE,TRUE,50,TRUE,0,10
220016,TRUE,FALSE,TRUE,FALSE,50,TRUE,0,10
220018,FALSE,FALSE,TRUE,FALSE,50,TRUE,0,10
220019,FALSE,FALSE,TRUE,FALSE,50,TRUE,0,10
225001,TRUE,TRUE,FALSE,TRUE,50,TRUE,0,10
225002,TRUE,FALSE,FALSE,FALSE,50,TRUE,0,10
225003,TRUE,FALSE,FALSE,FALSE,50,TRUE,0,10
225004,TRUE,TRUE,FALSE,FALSE,50,TRUE,0,10
225006,TRUE,FALSE,FALSE,FALSE,50,TRUE,0,10
225009,TRUE,FALSE,FALSE,FALSE,50,TRUE,0,10
225010,FALSE,FALSE,FALSE,TRUE,50,TRUE,0,10
225016,TRUE,TRUE,TRUE,FALSE,50,TRUE,0,10
235001,FALSE,FALSE,FALSE,FALSE,50,TRUE,0,10
235003,FALSE,TRUE,FALSE,FALSE,50,TRUE,0,10
240001,TRUE,FALSE,FALSE,FALSE,50,TRUE,0,10
240002,TRUE,TRUE,TRUE,FALSE,50,TRUE,0,10
240003,FALSE,FALSE,TRUE,TRUE,50,TRUE,0,10
240004,TRUE,TRUE,TRUE,FALSE,50,TRUE,0,10
240006,FALSE,FALSE,TRUE,FALSE,50,TRUE,0,10
240009,TRUE,FALSE,FALSE,FALSE,50,TRUE,0,10
240016,TRUE,TRUE,TRUE,TRUE,50,TRUE,0,10
240017,TRUE,FALSE,FALSE,TRUE,50,TRUE,0,10
240019,TRUE,FALSE,TRUE,FALSE,50,TRUE,0,10
240020,FALSE,FALSE,TRUE,TRUE,50,TRUE,0,10
240021,FALSE,TRUE,TRUE,TRUE,50,TRUE,0,10
240022,FALSE,FALSE,TRUE,FALSE,50,TRUE,0,10
245001,FALSE,FALSE,FALSE,FALSE,50,TRUE,0,10
245002,FALSE,FALSE,FALSE,FALSE,50,TRUE,0,10
245003,FALSE,TRUE,FALSE,TRUE,50,TRUE,0,10
245004,FALSE,FALSE,FALSE,FALSE,50,TRUE,0,10
245005,FALSE,FALSE,FALSE,FALSE,50,TRUE,0,10
245007,FALSE,FALSE,FALSE,FALSE,50,TRUE,0,10
245008,FALSE,FALSE,FALSE,FALSE,50,TRUE,0,10
245009,FALSE,FALSE,FALSE,FALSE,50,TRUE,0,10
245010,FALSE,FALSE,FALSE,FALSE,50,TRUE,0,10
245011,FALSE,FALSE,FALSE,FALSE,50,TRUE,0,10
245012,FALSE,TRUE,TRUE,TRUE,50,TRUE,0,10
245013,TRUE,TRUE,FALSE,TRUE,50,TRUE,0,10
245014,TRUE,FALSE,FALSE,FALSE,50,TRUE,0,10
245102,TRUE,TRUE,FALSE,TRUE,50,TRUE,0,10
245111,TRUE,FALSE,FALSE,FALSE,50,TRUE,0,10
250000,FALSE,TRUE,TRUE,FALSE,50,TRUE,0,10
250001,FALSE,TRUE,FALSE,TRUE,50,FALSE,0.171815869,10
250002,TRUE,TRUE,FALSE,FALSE,50,TRUE,0,10
250003,TRUE,TRUE,FALSE,TRUE,50,TRUE,0,10
250004,TRUE,FALSE,TRUE,FALSE,50,TRUE,0,10
250005,TRUE,FALSE,FALSE,TRUE,50,TRUE,0,10
250006,FALSE,FALSE,FALSE,FALSE,50,TRUE,0,10
250007,FALSE,TRUE,TRUE,TRUE,50,TRUE,0,10
250008,FALSE,FALSE,FALSE,FALSE,50,TRUE,0,10
250009,TRUE,TRUE,FALSE,FALSE,50,TRUE,0,10
250010,FALSE,TRUE,TRUE,TRUE,50,TRUE,0,10
250011,TRUE,TRUE,FALSE,FALSE,50,TRUE,0,10
250012,FALSE,TRUE,FALSE,FALSE,50,TRUE,0,10
250013,TRUE,FALSE,TRUE,TRUE,50,TRUE,0,10
250014,FALSE,FALSE,TRUE,FALSE,50,TRUE,0,10
250015,FALSE,FALSE,FALSE,TRUE,50,FALSE,0.211889347,10
250016,FALSE,TRUE,FALSE,FALSE,50,TRUE,0,10
250017,FALSE,FALSE,FALSE,TRUE,50,TRUE,0,10
250018,TRUE,FALSE,TRUE,TRUE,50,TRUE,0,10
250019,FALSE,FALSE,FALSE,TRUE,50,TRUE,0,10
250020,TRUE,FALSE,FALSE,FALSE,50,TRUE,0,10
250021,TRUE,FALSE,FALSE,TRUE,50,TRUE,0,10
250023,FALSE,FALSE,TRUE,TRUE,50,TRUE,0,10
250025,FALSE,TRUE,FALSE,TRUE,50,TRUE,0,10
250026,FALSE,FALSE,FALSE,TRUE,50,TRUE,0,10
250027,FALSE,FALSE,FALSE,TRUE,50,TRUE,0,10
250028,FALSE,FALSE,TRUE,FALSE,50,TRUE,0,10
250031,FALSE,FALSE,TRUE,TRUE,50,TRUE,0,10
250032,FALSE,FALSE,FALSE,TRUE,50,TRUE,0,10
250033,FALSE,FALSE,FALSE,TRUE,50,TRUE,0,10
250034,FALSE,TRUE,TRUE,FALSE,50,TRUE,0,10
250035,FALSE,FALSE,FALSE,TRUE,50,TRUE,0,10
250037,FALSE,FALSE,FALSE,TRUE,50,TRUE,0,10
250038,FALSE,FALSE,FALSE,TRUE,50,TRUE,0,10
250039,TRUE,TRUE,TRUE,FALSE,50,TRUE,0,10
250040,FALSE,FALSE,FALSE,TRUE,50,TRUE,0,10
250041,FALSE,TRUE,FALSE,TRUE,50,TRUE,0,10
250045,TRUE,TRUE,TRUE,TRUE,50,TRUE,0,10
250046,FALSE,FALSE,FALSE,TRUE,50,TRUE,0,10
250221,TRUE,FALSE,TRUE,FALSE,50,TRUE,0,10
250900,FALSE,FALSE,FALSE,TRUE,50,TRUE,0,10
250905,FALSE,TRUE,FALSE,TRUE,50,TRUE,0,10
250923,FALSE,FALSE,FALSE,TRUE,50,FALSE,0.2,10
250931,FALSE,TRUE,TRUE,TRUE,50,TRUE,0,10
250932,FALSE,FALSE,FALSE,TRUE,50,TRUE,0,10
250935,TRUE,TRUE,FALSE,TRUE,50,TRUE,0,10
255001,FALSE,FALSE,FALSE,FALSE,50,TRUE,0,10
255003,TRUE,TRUE,FALSE,FALSE,50,TRUE,0,10
255004,TRUE,FALSE,FALSE,TRUE,50,TRUE,0,10
255006,FALSE,FALSE,TRUE,FALSE,50,TRUE,0,10
255009,TRUE,TRUE,FALSE,TRUE,50,TRUE,0,10
255010,TRUE,FALSE,TRUE,TRUE,50,TRUE,0,10
255011,TRUE,TRUE,FALSE,FALSE,50,TRUE,0,10
255015,TRUE,FALSE,TRUE,FALSE,50,TRUE,0,10
255016,FALSE,FALSE,TRUE,TRUE,50,TRUE,0,10
255017,FALSE,TRUE,FALSE,TRUE,50,TRUE,0,10
255019,FALSE,FALSE,FALSE,FALSE,50,TRUE,0,10
255020,TRUE,FALSE,TRUE,FALSE,50,TRUE,0,10
255024,FALSE,FALSE,TRUE,TRUE,50,TRUE,0,10
255025,FALSE,FALSE,TRUE,TRUE,50,TRUE,0,10
255030,FALSE,FALSE,TRUE,FALSE,50,TRUE,0,10
255091,TRUE,TRUE,FALSE,TRUE,50,TRUE,0,10
256001,TRUE,TRUE,FALSE,TRUE,50,TRUE,0,10
256004,FALSE,TRUE,FALSE,TRUE,50,TRUE,0,10
256010,TRUE,TRUE,TRUE,FALSE,50,TRUE,0,10
256014,TRUE,FALSE,FALSE,TRUE,50,TRUE,0,10
256017,TRUE,FALSE,FALSE,TRUE,50,TRUE,0,10
256018,TRUE,FALSE,FALSE,TRUE,50,TRUE,0,10
256020,TRUE,TRUE,TRUE,TRUE,50,TRUE,0,10
256025,TRUE,FALSE,FALSE,FALSE,50,TRUE,0,10
256026,TRUE,FALSE,FALSE,TRUE,50,TRUE,0,10
256028,FALSE,TRUE,FALSE,FALSE,50,TRUE,0,10
265003,TRUE,FALSE,TRUE,TRUE,50,TRUE,0,10
265004,TRUE,FALSE,FALSE,FALSE,50,TRUE,0,10
265006,TRUE,TRUE,TRUE,FALSE,50,TRUE,0,10
265010,TRUE,FALSE,TRUE,FALSE,50,TRUE,0,10
265014,TRUE,FALSE,TRUE,FALSE,50,TRUE,0,10
265015,FALSE,FALSE,TRUE,FALSE,50,TRUE,0,10
265017,TRUE,TRUE,TRUE,TRUE,50,TRUE,0,10
265019,FALSE,TRUE,TRUE,FALSE,50,TRUE,0,10
265115,TRUE,FALSE,TRUE,FALSE,50,TRUE,0,10
270001,TRUE,TRUE,TRUE,FALSE,50,TRUE,0,10
270002,FALSE,FALSE,TRUE,FALSE,50,TRUE,0,25
270003,FALSE,FALSE,TRUE,FALSE,50,FALSE,0.062377691,10
270004,FALSE,FALSE,TRUE,FALSE,50,TRUE,0,25
270005,FALSE,FALSE,TRUE,FALSE,50,TRUE,0,10
270006,TRUE,TRUE,TRUE,FALSE,50,TRUE,0,10
270008,FALSE,FALSE,TRUE,FALSE,50,TRUE,0,10
270009,FALSE,TRUE,FALSE,FALSE,50,TRUE,0,10
270012,FALSE,TRUE,FALSE,FALSE,50,TRUE,0,10
270013,TRUE,FALSE,FALSE,FALSE,50,TRUE,0,10
270014,FALSE,FALSE,TRUE,FALSE,50,TRUE,0,10
270016,FALSE,TRUE,TRUE,TRUE,50,TRUE,0,10
270017,TRUE,TRUE,TRUE,FALSE,50,TRUE,0,10
270018,FALSE,FALSE,TRUE,FALSE,50,TRUE,0,10
270019,FALSE,FALSE,TRUE,FALSE,50,TRUE,0,10
270020,TRUE,TRUE,TRUE,TRUE,50,TRUE,0,10
270021,FALSE,FALSE,TRUE,FALSE,50,TRUE,0,10
270022,FALSE,TRUE,FALSE,FALSE,50,TRUE,0,25
270023,TRUE,FALSE,FALSE,FALSE,50,TRUE,0,10
270027,TRUE,FALSE,FALSE,FALSE,50,TRUE,0,10
270028,FALSE,FALSE,FALSE,FALSE,50,TRUE,0,10
270106,FALSE,FALSE,TRUE,FALSE,50,TRUE,0,10
270203,FALSE,TRUE,TRUE,FALSE,50,TRUE,0,10
270210,TRUE,FALSE,TRUE,FALSE,50,TRUE,0,10
270213,FALSE,TRUE,FALSE,FALSE,50,TRUE,0,10
270222,TRUE,FALSE,TRUE,FALSE,50,TRUE,0,25
270224,TRUE,TRUE,FALSE,TRUE,50,TRUE,0,10
270305,FALSE,TRUE,FALSE,FALSE,50,FALSE,0.166666667,10
270901,FALSE,TRUE,FALSE,FALSE,50,TRUE,0,10
270903,TRUE,FALSE,TRUE,TRUE,50,TRUE,0,10
270905,FALSE,FALSE,TRUE,FALSE,50,TRUE,0,10
270915,TRUE,TRUE,TRUE,FALSE,50,TRUE,0,10
275001,TRUE,TRUE,FALSE,FALSE,50,TRUE,0,10
275002,FALSE,FALSE,FALSE,TRUE,50,TRUE,0,10
275003,FALSE,TRUE,FALSE,TRUE,50,TRUE,0,10
275004,FALSE,TRUE,TRUE,FALSE,50,TRUE,0,10
275005,FALSE,FALSE,TRUE,FALSE,50,TRUE,0,10
275006,TRUE,FALSE,FALSE,TRUE,50,TRUE,0,10
275007,TRUE,TRUE,TRUE,TRUE,50,TRUE,0,10
275009,TRUE,TRUE,TRUE,TRUE,50,TRUE,0,10
275012,TRUE,TRUE,TRUE,TRUE,50,TRUE,0,10
276001,TRUE,FALSE,TRUE,TRUE,50,TRUE,0,10
276002,TRUE,TRUE,TRUE,TRUE,50,TRUE,0,10
276003,TRUE,FALSE,TRUE,TRUE,50,TRUE,0,10
276005,FALSE,FALSE,TRUE,FALSE,50,TRUE,0,10
276006,FALSE,FALSE,FALSE,TRUE,50,TRUE,0,10
276007,TRUE,FALSE,FALSE,FALSE,50,TRUE,0,10
280001,FALSE,TRUE,TRUE,FALSE,50,TRUE,0,10
280006,TRUE,TRUE,FALSE,FALSE,50,TRUE,0,10
280008,TRUE,FALSE,TRUE,TRUE,50,TRUE,0,10
280011,FALSE,TRUE,FALSE,FALSE,50,TRUE,0,10
280015,TRUE,FALSE,TRUE,FALSE,50,TRUE,0,10
280017,FALSE,TRUE,FALSE,TRUE,50,TRUE,0,10
280031,TRUE,FALSE,FALSE,FALSE,50,TRUE,0,10
280032,FALSE,FALSE,TRUE,FALSE,50,TRUE,0,10
280034,FALSE,FALSE,TRUE,FALSE,50,TRUE,0,10
280037,FALSE,FALSE,FALSE,FALSE,50,TRUE,0,10
280041,TRUE,TRUE,FALSE,TRUE,50,TRUE,0,10
280042,FALSE,TRUE,FALSE,FALSE,50,TRUE,0,10
280054,TRUE,FALSE,TRUE,TRUE,50,TRUE,0,10
280057,TRUE,FALSE,FALSE,FALSE,50,TRUE,0,10
280061,TRUE,TRUE,FALSE,TRUE,50,TRUE,0,10
280064,FALSE,FALSE,TRUE,FALSE,50,TRUE,0,10
280066,TRUE,TRUE,TRUE,FALSE,50,TRUE,0,10
280067,TRUE,TRUE,TRUE,TRUE,50,TRUE,0,10
280222,TRUE,FALSE,TRUE,FALSE,50,TRUE,0,10
281001,FALSE,TRUE,FALSE,TRUE,50,TRUE,0,10
281002,FALSE,FALSE,TRUE,TRUE,50,TRUE,0,10
281003,TRUE,TRUE,FALSE,TRUE,50,TRUE,0,10
281004,TRUE,FALSE,TRUE,TRUE,50,TRUE,0,10
281005,FALSE,TRUE,FALSE,FALSE,50,TRUE,0,10
281006,FALSE,FALSE,FALSE,FALSE,50,TRUE,0,10
281007,FALSE,FALSE,TRUE,TRUE,50,TRUE,0,10
281008,TRUE,TRUE,FALSE,FALSE,50,TRUE,0,10
281009,TRUE,TRUE,FALSE,FALSE,50,TRUE,0,10
281013,TRUE,TRUE,FALSE,FALSE,50,TRUE,0,10
295001,FALSE,FALSE,TRUE,TRUE,50,TRUE,0,10
295002,FALSE,TRUE,FALSE,TRUE,50,TRUE,0,10
295003,FALSE,TRUE,TRUE,FALSE,50,TRUE,0,10
295004,TRUE,FALSE,TRUE,FALSE,50,TRUE,0,10
295005,TRUE,FALSE,FALSE,FALSE,50,TRUE,0,10
295006,TRUE,FALSE,FALSE,FALSE,50,TRUE,0,10
296003,FALSE,TRUE,FALSE,TRUE,50,TRUE,0,10
296006,TRUE,FALSE,FALSE,FALSE,50,TRUE,0,10
296007,TRUE,TRUE,TRUE,FALSE,50,TRUE,0,10
298004,TRUE,TRUE,TRUE,TRUE,50,TRUE,0,10
298008,FALSE,FALSE,FALSE,TRUE,50,TRUE,0,10
299001,TRUE,TRUE,FALSE,TRUE,50,TRUE,0,10
299003,FALSE,FALSE,FALSE,FALSE,50,TRUE,0,10
299010,TRUE,TRUE,FALSE,TRUE,50,TRUE,0,10
299011,FALSE,FALSE,TRUE,TRUE,50,TRUE,0,10
299012,FALSE,TRUE,TRUE,TRUE,50,TRUE,0,10
299013,FALSE,TRUE,TRUE,TRUE,50,TRUE,0,10
299014,FALSE,TRUE,FALSE,TRUE,50,TRUE,0,10
299015,FALSE,TRUE,FALSE,TRUE,50,TRUE,0,10
299016,TRUE,FALSE,FALSE,TRUE,50,TRUE,0,10
299018,TRUE,TRUE,FALSE,TRUE,50,TRUE,0,10
299019,TRUE,TRUE,TRUE,FALSE,50,TRUE,0,10
299020,FALSE,TRUE,TRUE,FALSE,50,TRUE,0,10
299022,TRUE,FALSE,TRUE,TRUE,50,TRUE,0,10
299023,TRUE,TRUE,TRUE,FALSE,50,TRUE,0,10
299024,FALSE,FALSE,TRUE,FALSE,50,TRUE,0,10
299025,FALSE,TRUE,TRUE,FALSE,50,TRUE,0,10
299026,TRUE,FALSE,TRUE,TRUE,50,TRUE,0,10
299027,FALSE,FALSE,TRUE,TRUE,50,TRUE,0,10
299029,FALSE,FALSE,TRUE,FALSE,50,TRUE,0,10
300030,FALSE,TRUE,FALSE,FALSE,50,TRUE,0,10
301001,FALSE,TRUE,FALSE,TRUE,50,TRUE,0,10
301008,FALSE,TRUE,FALSE,TRUE,50,TRUE,0,10
301011,FALSE,TRUE,TRUE,TRUE,50,TRUE,0,10
301012,TRUE,TRUE,FALSE,FALSE,50,TRUE,0,10
301021,FALSE,FALSE,TRUE,FALSE,50,TRUE,0,10
301023,TRUE,FALSE,FALSE,TRUE,50,TRUE,0,10
301030,TRUE,FALSE,FALSE,FALSE,50,TRUE,0,10
301034,TRUE,FALSE,TRUE,FALSE,50,TRUE,0,10
301099,FALSE,TRUE,FALSE,TRUE,50,TRUE,0,10
305010,TRUE,TRUE,FALSE,FALSE,50,TRUE,0,10
305015,FALSE,TRUE,FALSE,FALSE,50,TRUE,0,10
305016,FALSE,TRUE,FALSE,FALSE,50,TRUE,0,10
310001,FALSE,FALSE,FALSE,FALSE,50,TRUE,0,10
310002,FALSE,TRUE,FALSE,TRUE,50,TRUE,0,10
310004,TRUE,FALSE,FALSE,FALSE,50,TRUE,0,10
310005,TRUE,TRUE,FALSE,TRUE,50,TRUE,0,10
310006,TRUE,FALSE,FALSE,TRUE,50,TRUE,0,10
310010,FALSE,FALSE,FALSE,TRUE,50,TRUE,0,10
310011,FALSE,TRUE,TRUE,TRUE,50,TRUE,0,10
315002,FALSE,TRUE,TRUE,TRUE,50,TRUE,0,10
315005,TRUE,TRUE,TRUE,FALSE,50,TRUE,0,10
315007,FALSE,FALSE,TRUE,FALSE,50,TRUE,0,10
320001,FALSE,FALSE,TRUE,TRUE,50,TRUE,0,10
325001,FALSE,FALSE,TRUE,TRUE,50,TRUE,0,10
325003,FALSE,FALSE,FALSE,FALSE,50,TRUE,0,10
325006,TRUE,TRUE,FALSE,FALSE,50,TRUE,0,10
325008,TRUE,FALSE,FALSE,FALSE,50,TRUE,0,10
330003,TRUE,FALSE,TRUE,FALSE,50,TRUE,0,10
330004,TRUE,FALSE,FALSE,TRUE,50,TRUE,0,10
335001,TRUE,FALSE,FALSE,TRUE,50,TRUE,0,10
335003,FALSE,TRUE,TRUE,TRUE,50,TRUE,0,10
340001,TRUE,TRUE,TRUE,TRUE,50,TRUE,0,10
340003,FALSE,TRUE,FALSE,FALSE,50,TRUE,0,10
340005,FALSE,FALSE,FALSE,TRUE,50,TRUE,0,10
340009,TRUE,FALSE,FALSE,FALSE,50,TRUE,0,10
340016,TRUE,TRUE,TRUE,FALSE,50,TRUE,0,10
345001,TRUE,FALSE,TRUE,TRUE,50,TRUE,0,10
345004,TRUE,FALSE,TRUE,FALSE,50,TRUE,0,10
345006,TRUE,TRUE,TRUE,FALSE,50,TRUE,0,10
345007,FALSE,TRUE,FALSE,FALSE,50,TRUE,0,10
350000,TRUE,FALSE,FALSE,FALSE,50,TRUE,0,10
350001,FALSE,FALSE,FALSE,FALSE,50,TRUE,0,10
350002,TRUE,TRUE,FALSE,FALSE,50,TRUE,0,10
350003,TRUE,FALSE,TRUE,FALSE,50,TRUE,0,10
350004,TRUE,TRUE,TRUE,TRUE,50,TRUE,0,10
350005,FALSE,TRUE,TRUE,FALSE,50,TRUE,0,10
350010,FALSE,FALSE,FALSE,FALSE,50,TRUE,0,10
350013,TRUE,TRUE,FALSE,TRUE,50,TRUE,0,10
350015,TRUE,FALSE,TRUE,FALSE,50,TRUE,0,10
350016,FALSE,TRUE,FALSE,TRUE,50,TRUE,0,10
350019,TRUE,FALSE,TRUE,FALSE,50,TRUE,0,10
350020,FALSE,TRUE,FALSE,TRUE,50,TRUE,0,10
350021,FALSE,TRUE,FALSE,FALSE,50,TRUE,0,10
350022,FALSE,FALSE,FALSE,TRUE,50,TRUE,0,10
350023,TRUE,FALSE,TRUE,FALSE,50,TRUE,0,10
350028,FALSE,FALSE,FALSE,FALSE,50,TRUE,0,10
365010,TRUE,TRUE,TRUE,FALSE,50,TRUE,0,10
370001,TRUE,TRUE,FALSE,TRUE,50,TRUE,0,10
370002,TRUE,FALSE,FALSE,TRUE,50,TRUE,0,10
370003,FALSE,TRUE,TRUE,TRUE,50,TRUE,0,10
370004,TRUE,FALSE,TRUE,FALSE,50,TRUE,0,10
370005,FALSE,FALSE,TRUE,TRUE,50,TRUE,0,10
370006,TRUE,FALSE,FALSE,TRUE,50,TRUE,0,10
370009,TRUE,FALSE,TRUE,FALSE,50,TRUE,0,10
380017,FALSE,FALSE,TRUE,FALSE,50,TRUE,0,10
399901,FALSE,TRUE,TRUE,TRUE,50,TRUE,0,10
399905,FALSE,TRUE,TRUE,TRUE,50,TRUE,0,10
399906,TRUE,FALSE,FALSE,TRUE,50,TRUE,0,10
399908,FALSE,FALSE,FALSE,FALSE,50,TRUE,0,10
400013,FALSE,TRUE,TRUE,FALSE,50,TRUE,0,10
400029,TRUE,TRUE,TRUE,TRUE,50,TRUE,0,10
401001,TRUE,FALSE,FALSE,FALSE,50,TRUE,0,10
401002,TRUE,TRUE,FALSE,TRUE,50,TRUE,0,10
401003,TRUE,FALSE,TRUE,TRUE,50,TRUE,0,10
401020,TRUE,FALSE,TRUE,TRUE,50,TRUE,0,10
401021,TRUE,FALSE,FALSE,TRUE,50,TRUE,0,10
401023,FALSE,TRUE,TRUE,TRUE,50,TRUE,0,10
401052,TRUE,FALSE,TRUE,TRUE,50,TRUE,0,10
401100,TRUE,TRUE,FALSE,FALSE,50,TRUE,0,10
405001,FALSE,FALSE,FALSE,FALSE,50,TRUE,0,10
405007,TRUE,TRUE,FALSE,FALSE,50,TRUE,0,10
405008,TRUE,FALSE,TRUE,TRUE,50,TRUE,0,10
405009,TRUE,TRUE,FALSE,FALSE,50,TRUE,0,10
405010,FALSE,TRUE,TRUE,TRUE,50,TRUE,0,10
405012,TRUE,FALSE,FALSE,FALSE,50,TRUE,0,10
410001,TRUE,TRUE,TRUE,TRUE,50,TRUE,0,10
410002,TRUE,TRUE,FALSE,TRUE,50,TRUE,0,10
410005,TRUE,TRUE,TRUE,FALSE,50,TRUE,0,10
410006,FALSE,TRUE,FALSE,TRUE,50,TRUE,0,10
410007,FALSE,TRUE,FALSE,TRUE,50,TRUE,0,10
410010,FALSE,FALSE,FALSE,TRUE,50,TRUE,0,10
410011,TRUE,TRUE,TRUE,FALSE,50,TRUE,0,10
410013,FALSE,TRUE,TRUE,FALSE,50,TRUE,0,10
410014,FALSE,FALSE,FALSE,FALSE,50,TRUE,0,10
410015,TRUE,TRUE,FALSE,FALSE,50,TRUE,0,10
415001,TRUE,TRUE,FALSE,FALSE,50,TRUE,0,10
415002,FALSE,TRUE,FALSE,FALSE,50,TRUE,0,10
415003,FALSE,TRUE,TRUE,TRUE,50,TRUE,0,10
415004,TRUE,TRUE,TRUE,TRUE,50,TRUE,0,10
415005,FALSE,TRUE,TRUE,FALSE,50,TRUE,0,10
415007,FALSE,TRUE,FALSE,FALSE,50,TRUE,0,10
415008,FALSE,FALSE,FALSE,FALSE,50,TRUE,0,10
415010,TRUE,TRUE,TRUE,TRUE,50,TRUE,0,10
415013,TRUE,TRUE,TRUE,TRUE,50,TRUE,0,10
420001,FALSE,FALSE,TRUE,TRUE,50,TRUE,0,10
420003,TRUE,FALSE,FALSE,TRUE,50,TRUE,0,10
420004,FALSE,FALSE,TRUE,FALSE,50,TRUE,0,10
420005,FALSE,FALSE,FALSE,FALSE,50,TRUE,0,10
420014,FALSE,FALSE,TRUE,FALSE,50,TRUE,0,10
420016,TRUE,TRUE,TRUE,TRUE,50,TRUE,0,10
420018,FALSE,TRUE,TRUE,FALSE,50,TRUE,0,10
425001,TRUE,TRUE,TRUE,TRUE,50,TRUE,0,10
425003,TRUE,FALSE,FALSE,FALSE,50,TRUE,0,10
425006,TRUE,FALSE,TRUE,TRUE,50,TRUE,0,10
435003,TRUE,TRUE,FALSE,FALSE,50,TRUE,0,10
440001,TRUE,TRUE,TRUE,TRUE,50,TRUE,0,10
440002,TRUE,TRUE,TRUE,FALSE,50,TRUE,0,10
440003,TRUE,TRUE,TRUE,TRUE,50,TRUE,0,10
440004,TRUE,FALSE,FALSE,TRUE,50,TRUE,0,10
440009,TRUE,TRUE,FALSE,FALSE,50,TRUE,0,10
440016,FALSE,FALSE,FALSE,TRUE,50,TRUE,0,10
440017,TRUE,FALSE,TRUE,FALSE,50,TRUE,0,10
440019,TRUE,FALSE,TRUE,FALSE,50,TRUE,0,10
440020,FALSE,TRUE,TRUE,TRUE,50,TRUE,0,10
440021,FALSE,TRUE,TRUE,FALSE,50,TRUE,0,10
440022,TRUE,FALSE,FALSE,FALSE,50,TRUE,0,10
445001,TRUE,FALSE,TRUE,FALSE,50,TRUE,0,10
445003,TRUE,FALSE,FALSE,FALSE,50,TRUE,0,10
445005,FALSE,FALSE,FALSE,FALSE,50,TRUE,0,10
445007,TRUE,TRUE,TRUE,FALSE,50,TRUE,0,10
445008,TRUE,TRUE,TRUE,TRUE,50,TRUE,0,10
445009,FALSE,TRUE,TRUE,FALSE,50,TRUE,0,10
445010,FALSE,TRUE,FALSE,FALSE,50,TRUE,0,10
445011,TRUE,TRUE,FALSE,FALSE,50,TRUE,0,10
445012,FALSE,FALSE,TRUE,TRUE,50,TRUE,0,10
445013,FALSE,FALSE,TRUE,TRUE,50,TRUE,0,10
450001,TRUE,FALSE,FALSE,FALSE,50,TRUE,0,10
450002,TRUE,FALSE,TRUE,FALSE,50,TRUE,0,10
450005,FALSE,FALSE,FALSE,FALSE,50,TRUE,0,10
450006,TRUE,TRUE,FALSE,FALSE,50,TRUE,0,10
450007,TRUE,TRUE,FALSE,FALSE,50,TRUE,0,10
450015,TRUE,TRUE,TRUE,FALSE,50,TRUE,0,10
450018,TRUE,TRUE,FALSE,TRUE,50,TRUE,0,10
450019,TRUE,FALSE,TRUE,TRUE,50,TRUE,0,10
450020,FALSE,FALSE,TRUE,TRUE,50,TRUE,0,10
450021,FALSE,TRUE,TRUE,FALSE,50,TRUE,0,10
450025,TRUE,TRUE,FALSE,TRUE,50,TRUE,0,10
450031,FALSE,FALSE,FALSE,FALSE,50,TRUE,0,10
450032,TRUE,TRUE,FALSE,FALSE,50,TRUE,0,10
450033,TRUE,TRUE,TRUE,TRUE,50,TRUE,0,10
450034,FALSE,FALSE,FALSE,FALSE,50,TRUE,0,10
450035,TRUE,FALSE,FALSE,FALSE,50,TRUE,0,10
450040,FALSE,FALSE,TRUE,TRUE,50,TRUE,0,10
450041,FALSE,FALSE,TRUE,TRUE,50,TRUE,0,10
465003,FALSE,FALSE,FALSE,TRUE,50,TRUE,0,10
465004,FALSE,FALSE,FALSE,FALSE,50,TRUE,0,10
465006,FALSE,FALSE,FALSE,TRUE,50,TRUE,0,10
465010,TRUE,FALSE,FALSE,TRUE,50,TRUE,0,10
465014,TRUE,FALSE,FALSE,TRUE,50,TRUE,0,10
465015,FALSE,FALSE,TRUE,TRUE,50,TRUE,0,10
465017,FALSE,TRUE,FALSE,FALSE,50,TRUE,0,10
465019,TRUE,FALSE,FALSE,TRUE,50,TRUE,0,10
470001,FALSE,FALSE,FALSE,TRUE,50,TRUE,0,10
470002,FALSE,TRUE,TRUE,FALSE,50,TRUE,0,10
470003,TRUE,FALSE,FALSE,FALSE,50,TRUE,0,10
470004,TRUE,TRUE,FALSE,TRUE,50,TRUE,0,10
470005,TRUE,FALSE,TRUE,FALSE,50,TRUE,0,10
470009,TRUE,FALSE,FALSE,TRUE,50,TRUE,0,10
470012,TRUE,TRUE,FALSE,TRUE,50,TRUE,0,10
470018,FALSE,FALSE,FALSE,TRUE,50,TRUE,0,10
480001,TRUE,FALSE,FALSE,FALSE,50,TRUE,0,10
480006,FALSE,FALSE,TRUE,TRUE,50,TRUE,0,10
480017,FALSE,TRUE,TRUE,FALSE,50,TRUE,0,10
480031,TRUE,TRUE,TRUE,TRUE,50,TRUE,0,10
480032,FALSE,TRUE,FALSE,FALSE,50,TRUE,0,10
480034,FALSE,FALSE,FALSE,FALSE,50,TRUE,0,10
499909,FALSE,FALSE,FALSE,TRUE,50,TRUE,0,10
499910,TRUE,TRUE,TRUE,FALSE,50,TRUE,0,10
501023,TRUE,FALSE,TRUE,FALSE,50,TRUE,0,10
505001,FALSE,FALSE,FALSE,TRUE,50,TRUE,0,10
505002,TRUE,FALSE,TRUE,TRUE,50,TRUE,0,10
505005,FALSE,FALSE,FALSE,TRUE,50,TRUE,0,10
505010,FALSE,FALSE,FALSE,TRUE,50,TRUE,0,10
510001,FALSE,FALSE,TRUE,TRUE,50,TRUE,0,10
510004,FALSE,TRUE,FALSE,FALSE,50,TRUE,0,10
510010,FALSE,TRUE,TRUE,FALSE,50,TRUE,0,10
515009,FALSE,FALSE,TRUE,FALSE,50,TRUE,0,10
520002,TRUE,TRUE,TRUE,FALSE,50,TRUE,0,10
520004,TRUE,TRUE,TRUE,FALSE,50,TRUE,0,10
520007,TRUE,FALSE,TRUE,TRUE,50,TRUE,0,10
525000,TRUE,FALSE,TRUE,TRUE,50,TRUE,0,10
525002,TRUE,FALSE,FALSE,FALSE,50,TRUE,0,10
526020,FALSE,TRUE,TRUE,FALSE,50,TRUE,0,10
540003,TRUE,TRUE,TRUE,FALSE,50,TRUE,0,10
545003,TRUE,TRUE,FALSE,TRUE,50,TRUE,0,10
545007,TRUE,FALSE,FALSE,TRUE,50,TRUE,0,10
545008,TRUE,FALSE,FALSE,TRUE,50,TRUE,0,10
545010,TRUE,TRUE,FALSE,TRUE,50,TRUE,0,10
550001,FALSE,FALSE,FALSE,TRUE,50,FALSE,0.267734554,10
550015,FALSE,FALSE,FALSE,TRUE,50,TRUE,0,10
550019,FALSE,FALSE,FALSE,TRUE,50,TRUE,0,10
550020,TRUE,FALSE,TRUE,FALSE,50,TRUE,0,10
550025,TRUE,FALSE,FALSE,TRUE,50,TRUE,0,10
550026,FALSE,FALSE,FALSE,TRUE,50,TRUE,0,10
550029,FALSE,FALSE,TRUE,FALSE,50,TRUE,0,10
550031,FALSE,FALSE,FALSE,TRUE,50,TRUE,0,10
550032,FALSE,FALSE,FALSE,TRUE,50,TRUE,0,10
550033,FALSE,FALSE,FALSE,TRUE,50,TRUE,0,10
565001,TRUE,TRUE,TRUE,TRUE,50,TRUE,0,10
565002,TRUE,TRUE,TRUE,TRUE,50,TRUE,0,10
565006,FALSE,FALSE,FALSE,TRUE,50,TRUE,0,10
565010,TRUE,FALSE,TRUE,FALSE,50,TRUE,0,10
570002,TRUE,TRUE,TRUE,FALSE,50,TRUE,0,10
570003,FALSE,FALSE,TRUE,TRUE,50,TRUE,0,10
570006,TRUE,FALSE,TRUE,FALSE,50,TRUE,0,10
570008,TRUE,FALSE,TRUE,FALSE,50,TRUE,0,10
580005,FALSE,FALSE,TRUE,FALSE,50,TRUE,0,10
580006,FALSE,FALSE,FALSE,TRUE,50,TRUE,0,10
580015,FALSE,TRUE,TRUE,FALSE,50,TRUE,0,10
580034,TRUE,TRUE,TRUE,FALSE,50,TRUE,0,10
580037,FALSE,FALSE,FALSE,FALSE,50,TRUE,0,10
597012,FALSE,TRUE,TRUE,TRUE,50,TRUE,0,10
601009,TRUE,TRUE,TRUE,FALSE,50,TRUE,0,10
605001,FALSE,FALSE,FALSE,TRUE,50,TRUE,0,10
605002,TRUE,TRUE,TRUE,TRUE,50,TRUE,0,10
605004,TRUE,FALSE,TRUE,FALSE,50,TRUE,0,10
605005,FALSE,TRUE,FALSE,TRUE,50,TRUE,0,10
605006,FALSE,FALSE,FALSE,TRUE,50,TRUE,0,10
605007,FALSE,FALSE,FALSE,TRUE,50,TRUE,0,10
605008,FALSE,FALSE,FALSE,TRUE,50,TRUE,0,10
605015,FALSE,TRUE,TRUE,FALSE,50,TRUE,0,10
605016,FALSE,FALSE,FALSE,TRUE,50,TRUE,0,10
610015,TRUE,FALSE,FALSE,FALSE,50,TRUE,0,10
615003,FALSE,FALSE,TRUE,FALSE,50,TRUE,0,10
615004,TRUE,TRUE,TRUE,FALSE,50,TRUE,0,10
615010,FALSE,FALSE,TRUE,FALSE,50,TRUE,0,10
615013,FALSE,FALSE,TRUE,FALSE,50,TRUE,0,10
625002,TRUE,TRUE,FALSE,TRUE,50,TRUE,0,10
625006,TRUE,TRUE,FALSE,FALSE,50,TRUE,0,10
630003,TRUE,FALSE,FALSE,FALSE,50,TRUE,0,10
640019,TRUE,TRUE,FALSE,FALSE,50,TRUE,0,10
645006,TRUE,TRUE,TRUE,TRUE,50,TRUE,0,10
650001,TRUE,FALSE,TRUE,FALSE,50,TRUE,0,10
650002,FALSE,FALSE,FALSE,TRUE,50,TRUE,0,10
650005,FALSE,TRUE,TRUE,TRUE,50,TRUE,0,10
650006,FALSE,TRUE,TRUE,FALSE,50,TRUE,0,10
650007,FALSE,TRUE,TRUE,FALSE,50,TRUE,0,10
650008,FALSE,TRUE,FALSE,TRUE,50,TRUE,0,10
650010,FALSE,FALSE,FALSE,TRUE,50,TRUE,0,10
650015,FALSE,FALSE,FALSE,TRUE,50,TRUE,0,10
650016,TRUE,TRUE,TRUE,TRUE,50,TRUE,0,10
650017,FALSE,TRUE,TRUE,FALSE,50,TRUE,0,10
650018,FALSE,FALSE,FALSE,TRUE,50,TRUE,0,10
650019,FALSE,FALSE,FALSE,TRUE,50,FALSE,0.063457368,10
650020,FALSE,TRUE,FALSE,TRUE,50,TRUE,0,10
650023,FALSE,FALSE,TRUE,TRUE,50,TRUE,0,10
650024,FALSE,TRUE,FALSE,FALSE,50,TRUE,0,10
650026,FALSE,FALSE,FALSE,TRUE,50,TRUE,0,10
650028,FALSE,FALSE,FALSE,FALSE,50,TRUE,0,10
650032,TRUE,TRUE,TRUE,FALSE,50,TRUE,0,10
650101,TRUE,FALSE,FALSE,FALSE,50,TRUE,0,10
655030,TRUE,TRUE,FALSE,TRUE,50,TRUE,0,10
655082,TRUE,TRUE,TRUE,TRUE,50,TRUE,0,10
665003,TRUE,TRUE,TRUE,FALSE,50,TRUE,0,10
665010,FALSE,FALSE,TRUE,FALSE,50,TRUE,0,10
671002,TRUE,TRUE,FALSE,FALSE,50,TRUE,0,10
680006,TRUE,TRUE,FALSE,FALSE,50,TRUE,0,10
680037,FALSE,FALSE,FALSE,FALSE,50,TRUE,0,10